{
  "count": 62,
  "regions": [
    {
      "id": 26,
      "start_key": "7480000000000000FF0900000000000000F8",
      "end_key": "7480000000000000FF0B00000000000000F8",
      "epoch": {
        "conf_ver": 20,
        "version": 5
      },
      "peers": [
        {
          "id": 27,
          "store_id": 1
        },
        {
          "id": 116,
          "store_id": 5
        },
        {
          "id": 420,
          "store_id": 13
        }
      ],
      "leader": {
        "id": 116,
        "store_id": 5
      },
      "written_bytes": 119,
      "written_keys": 2,
      "approximate_size": 1
    },
    {
      "id": 70,
      "start_key": "7480000000000000FF1F00000000000000F8",
      "end_key": "7480000000000000FF2100000000000000F8",
      "epoch": {
        "conf_ver": 20,
        "version": 16
      },
      "peers": [
        {
          "id": 71,
          "store_id": 1
        },
        {
          "id": 100,
          "store_id": 11
        },
        {
          "id": 402,
          "store_id": 8
        }
      ],
      "leader": {
        "id": 100,
        "store_id": 11
      },
      "approximate_size": 1
    },
    {
      "id": 298,
      "start_key": "7480000000000000FF4800000000000000F8",
      "end_key": "7480000000000000FF4A00000000000000F8",
      "epoch": {
        "conf_ver": 26,
        "version": 26
      },
      "peers": [
        {
          "id": 299,
          "store_id": 1
        },
        {
          "id": 301,
          "store_id": 7
        },
        {
          "id": 417,
          "store_id": 11
        }
      ],
      "leader": {
        "id": 299,
        "store_id": 1
      },
      "approximate_size": 52,
      "approximate_keys": 357789
    },
    {
      "id": 302,
      "start_key": "7480000000000000FF345F728000000000FF0A66BD0000000000FA",
      "end_key": "7480000000000000FF4500000000000000F8",
      "epoch": {
        "conf_ver": 29,
        "version": 27
      },
      "peers": [
        {
          "id": 303,
          "store_id": 1
        },
        {
          "id": 409,
          "store_id": 5
        },
        {
          "id": 414,
          "store_id": 6
        }
      ],
      "leader": {
        "id": 414,
        "store_id": 6
      },
      "written_bytes": 35,
      "written_keys": 1,
      "approximate_size": 74,
      "approximate_keys": 324731
    },
    {
      "id": 326,
      "start_key": "7480000000000000FF5F5F728000000000FF09E36F0000000000FA",
      "end_key": "7480000000000000FF6100000000000000F8",
      "epoch": {
        "conf_ver": 23,
        "version": 33
      },
      "peers": [
        {
          "id": 327,
          "store_id": 1
        },
        {
          "id": 329,
          "store_id": 7
        },
        {
          "id": 428,
          "store_id": 9
        }
      ],
      "leader": {
        "id": 327,
        "store_id": 1
      },
      "written_bytes": 135,
      "written_keys": 2,
      "approximate_size": 82,
      "approximate_keys": 388364
    },
    {
      "id": 364,
      "start_key": "7480000000000000FF675F728000000000FF03B19E0000000000FA",
      "end_key": "7480000000000000FF675F728000000000FF0A177D0000000000FA",
      "epoch": {
        "conf_ver": 23,
        "version": 35
      },
      "peers": [
        {
          "id": 365,
          "store_id": 1
        },
        {
          "id": 366,
          "store_id": 7
        },
        {
          "id": 367,
          "store_id": 11
        }
      ],
      "leader": {
        "id": 365,
        "store_id": 1
      },
      "approximate_size": 95,
      "approximate_keys": 415113
    },
    {
      "id": 34,
      "start_key": "7480000000000000FF0D00000000000000F8",
      "end_key": "7480000000000000FF0F00000000000000F8",
      "epoch": {
        "conf_ver": 20,
        "version": 7
      },
      "peers": [
        {
          "id": 35,
          "store_id": 1
        },
        {
          "id": 105,
          "store_id": 6
        },
        {
          "id": 155,
          "store_id": 7
        }
      ],
      "leader": {
        "id": 105,
        "store_id": 6
      },
      "read_bytes": 111018,
      "read_keys": 2139,
      "approximate_size": 1,
      "approximate_keys": 1074
    },
    {
      "id": 330,
      "start_key": "7480000000000000FF615F728000000000FF08E8110000000000FA",
      "end_key": "7480000000000000FF6300000000000000F8",
      "epoch": {
        "conf_ver": 20,
        "version": 34
      },
      "peers": [
        {
          "id": 331,
          "store_id": 1
        },
        {
          "id": 332,
          "store_id": 4
        },
        {
          "id": 333,
          "store_id": 7
        }
      ],
      "leader": {
        "id": 332,
        "store_id": 4
      },
      "approximate_size": 89,
      "approximate_keys": 406870
    },
    {
      "id": 393,
      "start_key": "7480000000000000FF635F728000000000FF041AB50000000000FA",
      "end_key": "7480000000000000FF635F728000000000FF0A84D50000000000FA",
      "epoch": {
        "conf_ver": 23,
        "version": 36
      },
      "peers": [
        {
          "id": 394,
          "store_id": 1
        },
        {
          "id": 396,
          "store_id": 7
        },
        {
          "id": 426,
          "store_id": 11
        }
      ],
      "leader": {
        "id": 396,
        "store_id": 7
      },
      "written_bytes": 140,
      "written_keys": 2,
      "approximate_size": 94,
      "approximate_keys": 417039
    },
    {
      "id": 62,
      "start_key": "7480000000000000FF1B00000000000000F8",
      "end_key": "7480000000000000FF1D00000000000000F8",
      "epoch": {
        "conf_ver": 17,
        "version": 14
      },
      "peers": [
        {
          "id": 63,
          "store_id": 1
        },
        {
          "id": 126,
          "store_id": 5
        },
        {
          "id": 161,
          "store_id": 11
        }
      ],
      "leader": {
        "id": 126,
        "store_id": 5
      },
      "approximate_size": 1
    },
    {
      "id": 230,
      "start_key": "7480000000000000FF2E5F728000000000FF03EF790000000000FA",
      "end_key": "7480000000000000FF2E5F728000000000FF0A5B8D0000000000FA",
      "epoch": {
        "conf_ver": 23,
        "version": 25
      },
      "peers": [
        {
          "id": 231,
          "store_id": 1
        },
        {
          "id": 274,
          "store_id": 7
        },
        {
          "id": 288,
          "store_id": 9
        }
      ],
      "leader": {
        "id": 231,
        "store_id": 1
      },
      "approximate_size": 91,
      "approximate_keys": 414222
    },
    {
      "id": 314,
      "start_key": "7480000000000000FF4C00000000000000F8",
      "end_key": "7480000000000000FF4E00000000000000F8",
      "epoch": {
        "conf_ver": 20,
        "version": 28
      },
      "peers": [
        {
          "id": 315,
          "store_id": 1
        },
        {
          "id": 316,
          "store_id": 4
        },
        {
          "id": 317,
          "store_id": 7
        }
      ],
      "leader": {
        "id": 316,
        "store_id": 4
      },
      "approximate_size": 26,
      "approximate_keys": 179867
    },
    {
      "id": 380,
      "start_key": "7480000000000000FF6500000000000000F8",
      "end_key": "7480000000000000FF655F728000000000FF0226180000000000FA",
      "epoch": {
        "conf_ver": 20,
        "version": 36
      },
      "peers": [
        {
          "id": 381,
          "store_id": 1
        },
        {
          "id": 382,
          "store_id": 4
        },
        {
          "id": 383,
          "store_id": 7
        }
      ],
      "leader": {
        "id": 382,
        "store_id": 4
      },
      "approximate_size": 132,
      "approximate_keys": 1288132
    },
    {
      "id": 198,
      "start_key": "7480000000000000FF3400000000000000F8",
      "end_key": "7480000000000000FF345F728000000000FF03F24B0000000000FA",
      "epoch": {
        "conf_ver": 20,
        "version": 23
      },
      "peers": [
        {
          "id": 199,
          "store_id": 1
        },
        {
          "id": 261,
          "store_id": 8
        },
        {
          "id": 266,
          "store_id": 9
        }
      ],
      "leader": {
        "id": 261,
        "store_id": 8
      },
      "approximate_size": 123,
      "approximate_keys": 1257565
    },
    {
      "id": 174,
      "start_key": "7480000000000000FF2D5F728000000000FF09D59D0000000000FA",
      "end_key": "7480000000000000FF2E00000000000000F8",
      "epoch": {
        "conf_ver": 23,
        "version": 25
      },
      "peers": [
        {
          "id": 175,
          "store_id": 1
        },
        {
          "id": 257,
          "store_id": 7
        },
        {
          "id": 284,
          "store_id": 9
        }
      ],
      "leader": {
        "id": 284,
        "store_id": 9
      },
      "approximate_size": 83,
      "approximate_keys": 361994
    },
    {
      "id": 178,
      "start_key": "7480000000000000FF335F728000000000FF0A450B0000000000FA",
      "end_key": "7480000000000000FF3400000000000000F8",
      "epoch": {
        "conf_ver": 23,
        "version": 25
      },
      "peers": [
        {
          "id": 179,
          "store_id": 1
        },
        {
          "id": 249,
          "store_id": 4
        },
        {
          "id": 282,
          "store_id": 7
        }
      ],
      "leader": {
        "id": 249,
        "store_id": 4
      },
      "approximate_size": 76,
      "approximate_keys": 331335
    },
    {
      "id": 206,
      "start_key": "7480000000000000FF3300000000000000F8",
      "end_key": "7480000000000000FF335F728000000000FF03D4520000000000FA",
      "epoch": {
        "conf_ver": 23,
        "version": 24
      },
      "peers": [
        {
          "id": 207,
          "store_id": 1
        },
        {
          "id": 265,
          "store_id": 11
        },
        {
          "id": 413,
          "store_id": 5
        }
      ],
      "leader": {
        "id": 207,
        "store_id": 1
      },
      "approximate_size": 122,
      "approximate_keys": 1209369
    },
    {
      "id": 294,
      "start_key": "7480000000000000FF4500000000000000F8",
      "end_key": "7480000000000000FF4600000000000000F8",
      "epoch": {
        "conf_ver": 20,
        "version": 27
      },
      "peers": [
        {
          "id": 295,
          "store_id": 1
        },
        {
          "id": 296,
          "store_id": 4
        },
        {
          "id": 297,
          "store_id": 7
        }
      ],
      "leader": {
        "id": 296,
        "store_id": 4
      },
      "approximate_size": 36,
      "approximate_keys": 245288
    },
    {
      "id": 306,
      "start_key": "7480000000000000FF4A00000000000000F8",
      "end_key": "7480000000000000FF4C00000000000000F8",
      "epoch": {
        "conf_ver": 20,
        "version": 27
      },
      "peers": [
        {
          "id": 307,
          "store_id": 1
        },
        {
          "id": 308,
          "store_id": 4
        },
        {
          "id": 309,
          "store_id": 7
        }
      ],
      "leader": {
        "id": 308,
        "store_id": 4
      },
      "approximate_size": 30,
      "approximate_keys": 203622
    },
    {
      "id": 14,
      "start_key": "",
      "end_key": "7480000000000000FF0500000000000000F8",
      "epoch": {
        "conf_ver": 20,
        "version": 2
      },
      "peers": [
        {
          "id": 15,
          "store_id": 1
        },
        {
          "id": 108,
          "store_id": 9
        },
        {
          "id": 399,
          "store_id": 8
        }
      ],
      "leader": {
        "id": 108,
        "store_id": 9
      },
      "read_bytes": 7686,
      "read_keys": 130,
      "approximate_size": 1,
      "approximate_keys": 368
    },
    {
      "id": 186,
      "start_key": "7480000000000000FF2900000000000000F8",
      "end_key": "7480000000000000FF2D00000000000000F8",
      "epoch": {
        "conf_ver": 20,
        "version": 23
      },
      "peers": [
        {
          "id": 187,
          "store_id": 1
        },
        {
          "id": 272,
          "store_id": 6
        },
        {
          "id": 405,
          "store_id": 7
        }
      ],
      "leader": {
        "id": 272,
        "store_id": 6
      },
      "written_bytes": 35,
      "written_keys": 1,
      "approximate_size": 1
    },
    {
      "id": 194,
      "start_key": "7480000000000000FF3100000000000000F8",
      "end_key": "7480000000000000FF315F728000000000FF03FA830000000000FA",
      "epoch": {
        "conf_ver": 23,
        "version": 24
      },
      "peers": [
        {
          "id": 195,
          "store_id": 1
        },
        {
          "id": 196,
          "store_id": 5
        },
        {
          "id": 415,
          "store_id": 6
        }
      ],
      "leader": {
        "id": 196,
        "store_id": 5
      },
      "approximate_size": 124,
      "approximate_keys": 1258648
    },
    {
      "id": 222,
      "start_key": "7480000000000000FF345F728000000000FF03F24B0000000000FA",
      "end_key": "7480000000000000FF345F728000000000FF0A66BD0000000000FA",
      "epoch": {
        "conf_ver": 20,
        "version": 24
      },
      "peers": [
        {
          "id": 223,
          "store_id": 1
        },
        {
          "id": 250,
          "store_id": 11
        },
        {
          "id": 279,
          "store_id": 7
        }
      ],
      "leader": {
        "id": 223,
        "store_id": 1
      },
      "approximate_size": 96,
      "approximate_keys": 430982
    },
    {
      "id": 352,
      "start_key": "7480000000000000FF6700000000000000F8",
      "end_key": "7480000000000000FF675F728000000000FF03B19E0000000000FA",
      "epoch": {
        "conf_ver": 26,
        "version": 34
      },
      "peers": [
        {
          "id": 353,
          "store_id": 1
        },
        {
          "id": 355,
          "store_id": 11
        },
        {
          "id": 410,
          "store_id": 5
        }
      ],
      "leader": {
        "id": 353,
        "store_id": 1
      },
      "approximate_size": 114,
      "approximate_keys": 1118816
    },
    {
      "id": 389,
      "start_key": "7480000000000000FF5F5F728000000000FF0372650000000000FA",
      "end_key": "7480000000000000FF5F5F728000000000FF09E36F0000000000FA",
      "epoch": {
        "conf_ver": 23,
        "version": 33
      },
      "peers": [
        {
          "id": 390,
          "store_id": 1
        },
        {
          "id": 392,
          "store_id": 7
        },
        {
          "id": 425,
          "store_id": 9
        }
      ],
      "leader": {
        "id": 390,
        "store_id": 1
      },
      "written_bytes": 140,
      "written_keys": 2,
      "approximate_size": 96,
      "approximate_keys": 434759
    },
    {
      "id": 54,
      "start_key": "7480000000000000FF1700000000000000F8",
      "end_key": "7480000000000000FF1900000000000000F8",
      "epoch": {
        "conf_ver": 20,
        "version": 12
      },
      "peers": [
        {
          "id": 55,
          "store_id": 1
        },
        {
          "id": 157,
          "store_id": 7
        },
        {
          "id": 165,
          "store_id": 11
        }
      ],
      "leader": {
        "id": 165,
        "store_id": 11
      },
      "approximate_size": 15,
      "approximate_keys": 82481
    },
    {
      "id": 182,
      "start_key": "7480000000000000FF315F728000000000FF0A5ED40000000000FA",
      "end_key": "7480000000000000FF3300000000000000F8",
      "epoch": {
        "conf_ver": 17,
        "version": 25
      },
      "peers": [
        {
          "id": 183,
          "store_id": 1
        },
        {
          "id": 184,
          "store_id": 5
        },
        {
          "id": 264,
          "store_id": 9
        }
      ],
      "leader": {
        "id": 184,
        "store_id": 5
      },
      "approximate_size": 74,
      "approximate_keys": 341175
    },
    {
      "id": 210,
      "start_key": "7480000000000000FF2E00000000000000F8",
      "end_key": "7480000000000000FF2E5F728000000000FF03EF790000000000FA",
      "epoch": {
        "conf_ver": 20,
        "version": 24
      },
      "peers": [
        {
          "id": 211,
          "store_id": 1
        },
        {
          "id": 243,
          "store_id": 8
        },
        {
          "id": 248,
          "store_id": 9
        }
      ],
      "leader": {
        "id": 243,
        "store_id": 8
      },
      "approximate_size": 122,
      "approximate_keys": 1253953
    },
    {
      "id": 290,
      "start_key": "7480000000000000FF4600000000000000F8",
      "end_key": "7480000000000000FF4800000000000000F8",
      "epoch": {
        "conf_ver": 26,
        "version": 26
      },
      "peers": [
        {
          "id": 291,
          "store_id": 1
        },
        {
          "id": 408,
          "store_id": 8
        },
        {
          "id": 427,
          "store_id": 11
        }
      ],
      "leader": {
        "id": 291,
        "store_id": 1
      },
      "written_bytes": 112,
      "written_keys": 2,
      "approximate_size": 31,
      "approximate_keys": 219823
    },
    {
      "id": 368,
      "start_key": "7480000000000000FF6100000000000000F8",
      "end_key": "7480000000000000FF615F728000000000FF027F980000000000FA",
      "epoch": {
        "conf_ver": 20,
        "version": 34
      },
      "peers": [
        {
          "id": 369,
          "store_id": 1
        },
        {
          "id": 370,
          "store_id": 4
        },
        {
          "id": 371,
          "store_id": 7
        }
      ],
      "leader": {
        "id": 370,
        "store_id": 4
      },
      "approximate_size": 103,
      "approximate_keys": 1143436
    },
    {
      "id": 372,
      "start_key": "7480000000000000FF615F728000000000FF027F980000000000FA",
      "end_key": "7480000000000000FF615F728000000000FF08E8110000000000FA",
      "epoch": {
        "conf_ver": 23,
        "version": 34
      },
      "peers": [
        {
          "id": 373,
          "store_id": 1
        },
        {
          "id": 375,
          "store_id": 7
        },
        {
          "id": 423,
          "store_id": 6
        }
      ],
      "leader": {
        "id": 375,
        "store_id": 7
      },
      "written_bytes": 140,
      "written_keys": 2,
      "approximate_size": 96,
      "approximate_keys": 442181
    },
    {
      "id": 42,
      "start_key": "7480000000000000FF1100000000000000F8",
      "end_key": "7480000000000000FF1300000000000000F8",
      "epoch": {
        "conf_ver": 20,
        "version": 9
      },
      "peers": [
        {
          "id": 43,
          "store_id": 1
        },
        {
          "id": 163,
          "store_id": 11
        },
        {
          "id": 401,
          "store_id": 8
        }
      ],
      "leader": {
        "id": 163,
        "store_id": 11
      },
      "approximate_size": 1
    },
    {
      "id": 384,
      "start_key": "7480000000000000FF655F728000000000FF0226180000000000FA",
      "end_key": "7480000000000000FF655F728000000000FF08960E0000000000FA",
      "epoch": {
        "conf_ver": 20,
        "version": 36
      },
      "peers": [
        {
          "id": 385,
          "store_id": 1
        },
        {
          "id": 386,
          "store_id": 4
        },
        {
          "id": 387,
          "store_id": 7
        }
      ],
      "leader": {
        "id": 386,
        "store_id": 4
      },
      "approximate_size": 96,
      "approximate_keys": 446026
    },
    {
      "id": 226,
      "start_key": "7480000000000000FF335F728000000000FF03D4520000000000FA",
      "end_key": "7480000000000000FF335F728000000000FF0A450B0000000000FA",
      "epoch": {
        "conf_ver": 26,
        "version": 25
      },
      "peers": [
        {
          "id": 227,
          "store_id": 1
        },
        {
          "id": 245,
          "store_id": 7
        },
        {
          "id": 416,
          "store_id": 9
        }
      ],
      "leader": {
        "id": 416,
        "store_id": 9
      },
      "written_bytes": 35,
      "written_keys": 1,
      "approximate_size": 95,
      "approximate_keys": 417704
    },
    {
      "id": 338,
      "start_key": "7480000000000000FF635F728000000000FF0A84D50000000000FA",
      "end_key": "7480000000000000FF6500000000000000F8",
      "epoch": {
        "conf_ver": 23,
        "version": 36
      },
      "peers": [
        {
          "id": 339,
          "store_id": 1
        },
        {
          "id": 341,
          "store_id": 7
        },
        {
          "id": 422,
          "store_id": 13
        }
      ],
      "leader": {
        "id": 341,
        "store_id": 7
      },
      "written_bytes": 135,
      "written_keys": 2,
      "approximate_size": 73,
      "approximate_keys": 319120
    },
    {
      "id": 356,
      "start_key": "7480000000000000FF5D00000000000000F8",
      "end_key": "7480000000000000FF5D5F728000000000FF03E3000000000000FA",
      "epoch": {
        "conf_ver": 20,
        "version": 31
      },
      "peers": [
        {
          "id": 357,
          "store_id": 1
        },
        {
          "id": 358,
          "store_id": 4
        },
        {
          "id": 359,
          "store_id": 7
        }
      ],
      "leader": {
        "id": 358,
        "store_id": 4
      },
      "approximate_size": 126,
      "approximate_keys": 1219198
    },
    {
      "id": 376,
      "start_key": "7480000000000000FF5D5F728000000000FF03E3000000000000FA",
      "end_key": "7480000000000000FF5D5F728000000000FF0A579A0000000000FA",
      "epoch": {
        "conf_ver": 20,
        "version": 32
      },
      "peers": [
        {
          "id": 377,
          "store_id": 1
        },
        {
          "id": 378,
          "store_id": 4
        },
        {
          "id": 379,
          "store_id": 7
        }
      ],
      "leader": {
        "id": 378,
        "store_id": 4
      },
      "approximate_size": 95,
      "approximate_keys": 415573
    },
    {
      "id": 202,
      "start_key": "7480000000000000FF315F728000000000FF03FA830000000000FA",
      "end_key": "7480000000000000FF315F728000000000FF0A5ED40000000000FA",
      "epoch": {
        "conf_ver": 20,
        "version": 25
      },
      "peers": [
        {
          "id": 203,
          "store_id": 1
        },
        {
          "id": 262,
          "store_id": 9
        },
        {
          "id": 407,
          "store_id": 7
        }
      ],
      "leader": {
        "id": 203,
        "store_id": 1
      },
      "approximate_size": 97,
      "approximate_keys": 447590
    },
    {
      "id": 234,
      "start_key": "7480000000000000FF305F728000000000FF038D4F0000000000FA",
      "end_key": "7480000000000000FF305F728000000000FF0A01A70000000000FA",
      "epoch": {
        "conf_ver": 20,
        "version": 25
      },
      "peers": [
        {
          "id": 235,
          "store_id": 1
        },
        {
          "id": 287,
          "store_id": 9
        },
        {
          "id": 404,
          "store_id": 7
        }
      ],
      "leader": {
        "id": 287,
        "store_id": 9
      },
      "approximate_size": 95,
      "approximate_keys": 417704
    },
    {
      "id": 22,
      "start_key": "7480000000000000FF0700000000000000F8",
      "end_key": "7480000000000000FF0900000000000000F8",
      "epoch": {
        "conf_ver": 23,
        "version": 4
      },
      "peers": [
        {
          "id": 23,
          "store_id": 1
        },
        {
          "id": 109,
          "store_id": 11
        },
        {
          "id": 411,
          "store_id": 8
        }
      ],
      "leader": {
        "id": 109,
        "store_id": 11
      },
      "approximate_size": 1
    },
    {
      "id": 78,
      "start_key": "7480000000000000FF2300000000000000F8",
      "end_key": "7480000000000000FF2500000000000000F8",
      "epoch": {
        "conf_ver": 20,
        "version": 18
      },
      "peers": [
        {
          "id": 79,
          "store_id": 1
        },
        {
          "id": 169,
          "store_id": 11
        },
        {
          "id": 400,
          "store_id": 8
        }
      ],
      "leader": {
        "id": 169,
        "store_id": 11
      },
      "approximate_size": 1
    },
    {
      "id": 86,
      "start_key": "7480000000000000FF2700000000000000F8",
      "end_key": "7480000000000000FF2900000000000000F8",
      "epoch": {
        "conf_ver": 20,
        "version": 20
      },
      "peers": [
        {
          "id": 87,
          "store_id": 1
        },
        {
          "id": 156,
          "store_id": 7
        },
        {
          "id": 286,
          "store_id": 11
        }
      ],
      "leader": {
        "id": 156,
        "store_id": 7
      },
      "approximate_size": 1
    },
    {
      "id": 170,
      "start_key": "7480000000000000FF305F728000000000FF0A01A70000000000FA",
      "end_key": "7480000000000000FF3100000000000000F8",
      "epoch": {
        "conf_ver": 20,
        "version": 25
      },
      "peers": [
        {
          "id": 171,
          "store_id": 1
        },
        {
          "id": 253,
          "store_id": 6
        },
        {
          "id": 254,
          "store_id": 7
        }
      ],
      "leader": {
        "id": 253,
        "store_id": 6
      },
      "approximate_size": 80,
      "approximate_keys": 352149
    },
    {
      "id": 190,
      "start_key": "7480000000000000FF2E5F728000000000FF0A5B8D0000000000FA",
      "end_key": "7480000000000000FF3000000000000000F8",
      "epoch": {
        "conf_ver": 20,
        "version": 25
      },
      "peers": [
        {
          "id": 191,
          "store_id": 1
        },
        {
          "id": 242,
          "store_id": 6
        },
        {
          "id": 277,
          "store_id": 7
        }
      ],
      "leader": {
        "id": 242,
        "store_id": 6
      },
      "approximate_size": 75,
      "approximate_keys": 328343
    },
    {
      "id": 18,
      "start_key": "7480000000000000FF0500000000000000F8",
      "end_key": "7480000000000000FF0700000000000000F8",
      "epoch": {
        "conf_ver": 20,
        "version": 3
      },
      "peers": [
        {
          "id": 19,
          "store_id": 1
        },
        {
          "id": 93,
          "store_id": 9
        },
        {
          "id": 260,
          "store_id": 8
        }
      ],
      "leader": {
        "id": 93,
        "store_id": 9
      },
      "approximate_size": 1,
      "approximate_keys": 2
    },
    {
      "id": 238,
      "start_key": "7480000000000000FF2D5F728000000000FF036B8B0000000000FA",
      "end_key": "7480000000000000FF2D5F728000000000FF09D59D0000000000FA",
      "epoch": {
        "conf_ver": 23,
        "version": 25
      },
      "peers": [
        {
          "id": 239,
          "store_id": 1
        },
        {
          "id": 275,
          "store_id": 11
        },
        {
          "id": 397,
          "store_id": 8
        }
      ],
      "leader": {
        "id": 239,
        "store_id": 1
      },
      "approximate_size": 100,
      "approximate_keys": 451787
    },
    {
      "id": 46,
      "start_key": "7480000000000000FF1300000000000000F8",
      "end_key": "7480000000000000FF1500000000000000F8",
      "epoch": {
        "conf_ver": 20,
        "version": 10
      },
      "peers": [
        {
          "id": 47,
          "store_id": 1
        },
        {
          "id": 158,
          "store_id": 7
        },
        {
          "id": 167,
          "store_id": 11
        }
      ],
      "leader": {
        "id": 158,
        "store_id": 7
      },
      "read_bytes": 136648,
      "read_keys": 2296,
      "approximate_size": 1,
      "approximate_keys": 24
    },
    {
      "id": 74,
      "start_key": "7480000000000000FF2100000000000000F8",
      "end_key": "7480000000000000FF2300000000000000F8",
      "epoch": {
        "conf_ver": 23,
        "version": 17
      },
      "peers": [
        {
          "id": 75,
          "store_id": 1
        },
        {
          "id": 160,
          "store_id": 7
        },
        {
          "id": 251,
          "store_id": 6
        }
      ],
      "leader": {
        "id": 160,
        "store_id": 7
      },
      "approximate_size": 1
    },
    {
      "id": 214,
      "start_key": "7480000000000000FF3000000000000000F8",
      "end_key": "7480000000000000FF305F728000000000FF038D4F0000000000FA",
      "epoch": {
        "conf_ver": 26,
        "version": 24
      },
      "peers": [
        {
          "id": 215,
          "store_id": 1
        },
        {
          "id": 281,
          "store_id": 8
        },
        {
          "id": 285,
          "store_id": 9
        }
      ],
      "leader": {
        "id": 281,
        "store_id": 8
      },
      "approximate_size": 116,
      "approximate_keys": 1230147
    },
    {
      "id": 218,
      "start_key": "7480000000000000FF2D00000000000000F8",
      "end_key": "7480000000000000FF2D5F728000000000FF036B8B0000000000FA",
      "epoch": {
        "conf_ver": 20,
        "version": 24
      },
      "peers": [
        {
          "id": 219,
          "store_id": 1
        },
        {
          "id": 244,
          "store_id": 8
        },
        {
          "id": 263,
          "store_id": 11
        }
      ],
      "leader": {
        "id": 244,
        "store_id": 8
      },
      "approximate_size": 114,
      "approximate_keys": 1220302
    },
    {
      "id": 334,
      "start_key": "7480000000000000FF655F728000000000FF08960E0000000000FA",
      "end_key": "7480000000000000FF6700000000000000F8",
      "epoch": {
        "conf_ver": 26,
        "version": 36
      },
      "peers": [
        {
          "id": 335,
          "store_id": 1
        },
        {
          "id": 412,
          "store_id": 8
        },
        {
          "id": 421,
          "store_id": 13
        }
      ],
      "leader": {
        "id": 412,
        "store_id": 8
      },
      "written_bytes": 135,
      "written_keys": 2,
      "approximate_size": 101,
      "approximate_keys": 442628
    },
    {
      "id": 58,
      "start_key": "7480000000000000FF1900000000000000F8",
      "end_key": "7480000000000000FF1B00000000000000F8",
      "epoch": {
        "conf_ver": 20,
        "version": 13
      },
      "peers": [
        {
          "id": 59,
          "store_id": 1
        },
        {
          "id": 159,
          "store_id": 7
        },
        {
          "id": 166,
          "store_id": 11
        }
      ],
      "leader": {
        "id": 159,
        "store_id": 7
      },
      "read_bytes": 1349,
      "read_keys": 12,
      "approximate_size": 1
    },
    {
      "id": 360,
      "start_key": "7480000000000000FF5F00000000000000F8",
      "end_key": "7480000000000000FF5F5F728000000000FF0372650000000000FA",
      "epoch": {
        "conf_ver": 20,
        "version": 32
      },
      "peers": [
        {
          "id": 361,
          "store_id": 1
        },
        {
          "id": 362,
          "store_id": 4
        },
        {
          "id": 363,
          "store_id": 7
        }
      ],
      "leader": {
        "id": 362,
        "store_id": 4
      },
      "approximate_size": 125,
      "approximate_keys": 1203756
    },
    {
      "id": 50,
      "start_key": "7480000000000000FF1500000000000000F8",
      "end_key": "7480000000000000FF1700000000000000F8",
      "epoch": {
        "conf_ver": 20,
        "version": 11
      },
      "peers": [
        {
          "id": 51,
          "store_id": 1
        },
        {
          "id": 168,
          "store_id": 11
        },
        {
          "id": 406,
          "store_id": 7
        }
      ],
      "leader": {
        "id": 51,
        "store_id": 1
      },
      "read_bytes": 32771967,
      "read_keys": 5016,
      "approximate_size": 1,
      "approximate_keys": 54
    },
    {
      "id": 38,
      "start_key": "7480000000000000FF0F00000000000000F8",
      "end_key": "7480000000000000FF1100000000000000F8",
      "epoch": {
        "conf_ver": 26,
        "version": 8
      },
      "peers": [
        {
          "id": 39,
          "store_id": 1
        },
        {
          "id": 278,
          "store_id": 7
        },
        {
          "id": 418,
          "store_id": 9
        }
      ],
      "leader": {
        "id": 278,
        "store_id": 7
      },
      "written_bytes": 640,
      "read_bytes": 3683,
      "written_keys": 7,
      "read_keys": 34,
      "approximate_size": 1,
      "approximate_keys": 22
    },
    {
      "id": 66,
      "start_key": "7480000000000000FF1D00000000000000F8",
      "end_key": "7480000000000000FF1F00000000000000F8",
      "epoch": {
        "conf_ver": 20,
        "version": 15
      },
      "peers": [
        {
          "id": 67,
          "store_id": 1
        },
        {
          "id": 162,
          "store_id": 11
        },
        {
          "id": 255,
          "store_id": 7
        }
      ],
      "leader": {
        "id": 67,
        "store_id": 1
      },
      "approximate_size": 1
    },
    {
      "id": 82,
      "start_key": "7480000000000000FF2500000000000000F8",
      "end_key": "7480000000000000FF2700000000000000F8",
      "epoch": {
        "conf_ver": 17,
        "version": 19
      },
      "peers": [
        {
          "id": 83,
          "store_id": 1
        },
        {
          "id": 120,
          "store_id": 5
        },
        {
          "id": 247,
          "store_id": 9
        }
      ],
      "leader": {
        "id": 120,
        "store_id": 5
      },
      "approximate_size": 1
    },
    {
      "id": 318,
      "start_key": "7480000000000000FF4E00000000000000F8",
      "end_key": "7480000000000000FF5D00000000000000F8",
      "epoch": {
        "conf_ver": 20,
        "version": 29
      },
      "peers": [
        {
          "id": 319,
          "store_id": 1
        },
        {
          "id": 320,
          "store_id": 4
        },
        {
          "id": 321,
          "store_id": 7
        }
      ],
      "leader": {
        "id": 320,
        "store_id": 4
      },
      "approximate_size": 27,
      "approximate_keys": 180165
    },
    {
      "id": 348,
      "start_key": "7480000000000000FF6300000000000000F8",
      "end_key": "7480000000000000FF635F728000000000FF041AB50000000000FA",
      "epoch": {
        "conf_ver": 23,
        "version": 35
      },
      "peers": [
        {
          "id": 349,
          "store_id": 1
        },
        {
          "id": 351,
          "store_id": 7
        },
        {
          "id": 419,
          "store_id": 13
        }
      ],
      "leader": {
        "id": 351,
        "store_id": 7
      },
      "written_bytes": 133,
      "written_keys": 2,
      "approximate_size": 128,
      "approximate_keys": 1237999
    },
    {
      "id": 2,
      "start_key": "7480000000000000FF675F728000000000FF0A177D0000000000FA",
      "end_key": "",
      "epoch": {
        "conf_ver": 23,
        "version": 35
      },
      "peers": [
        {
          "id": 3,
          "store_id": 1
        },
        {
          "id": 258,
          "store_id": 7
        },
        {
          "id": 347,
          "store_id": 11
        }
      ],
      "leader": {
        "id": 3,
        "store_id": 1
      },
      "approximate_size": 83,
      "approximate_keys": 384607
    },
    {
      "id": 322,
      "start_key": "7480000000000000FF5D5F728000000000FF0A579A0000000000FA",
      "end_key": "7480000000000000FF5F00000000000000F8",
      "epoch": {
        "conf_ver": 29,
        "version": 32
      },
      "peers": [
        {
          "id": 323,
          "store_id": 1
        },
        {
          "id": 398,
          "store_id": 8
        },
        {
          "id": 424,
          "store_id": 6
        }
      ],
      "leader": {
        "id": 398,
        "store_id": 8
      },
      "written_bytes": 135,
      "written_keys": 2,
      "approximate_size": 76,
      "approximate_keys": 331265
    },
    {
      "id": 30,
      "start_key": "7480000000000000FF0B00000000000000F8",
      "end_key": "7480000000000000FF0D00000000000000F8",
      "epoch": {
        "conf_ver": 20,
        "version": 6
      },
      "peers": [
        {
          "id": 31,
          "store_id": 1
        },
        {
          "id": 256,
          "store_id": 7
        },
        {
          "id": 289,
          "store_id": 11
        }
      ],
      "leader": {
        "id": 256,
        "store_id": 7
      },
      "approximate_size": 1
    }
  ]
}
