{
  "count": 37,
  "regions": [
    {
      "id": 26,
      "start_key": "7480000000000000FF0900000000000000F8",
      "end_key": "7480000000000000FF0B00000000000000F8",
      "epoch": {
        "conf_ver": 14,
        "version": 5
      },
      "peers": [
        {
          "id": 27,
          "store_id": 1
        },
        {
          "id": 116,
          "store_id": 5
        },
        {
          "id": 149,
          "store_id": 13
        }
      ],
      "leader": {
        "id": 149,
        "store_id": 13
      },
      "approximate_size": 1
    },
    {
      "id": 202,
      "start_key": "7480000000000000FF315F728000000000FF03FA830000000000FA",
      "end_key": "7480000000000000FF315F728000000000FF0A5ED40000000000FA",
      "epoch": {
        "conf_ver": 14,
        "version": 25
      },
      "peers": [
        {
          "id": 203,
          "store_id": 1
        },
        {
          "id": 204,
          "store_id": 5
        },
        {
          "id": 205,
          "store_id": 13
        }
      ],
      "leader": {
        "id": 204,
        "store_id": 5
      },
      "written_bytes": 35,
      "written_keys": 1,
      "approximate_size": 95,
      "approximate_keys": 421496
    },
    {
      "id": 22,
      "start_key": "7480000000000000FF0700000000000000F8",
      "end_key": "7480000000000000FF0900000000000000F8",
      "epoch": {
        "conf_ver": 17,
        "version": 4
      },
      "peers": [
        {
          "id": 23,
          "store_id": 1
        },
        {
          "id": 109,
          "store_id": 11
        },
        {
          "id": 136,
          "store_id": 5
        }
      ],
      "leader": {
        "id": 109,
        "store_id": 11
      },
      "approximate_size": 1
    },
    {
      "id": 34,
      "start_key": "7480000000000000FF0D00000000000000F8",
      "end_key": "7480000000000000FF0F00000000000000F8",
      "epoch": {
        "conf_ver": 20,
        "version": 7
      },
      "peers": [
        {
          "id": 35,
          "store_id": 1
        },
        {
          "id": 105,
          "store_id": 6
        },
        {
          "id": 155,
          "store_id": 7
        }
      ],
      "leader": {
        "id": 105,
        "store_id": 6
      },
      "written_bytes": 874,
      "read_bytes": 223728,
      "written_keys": 11,
      "read_keys": 4150,
      "approximate_size": 1,
      "approximate_keys": 1074
    },
    {
      "id": 70,
      "start_key": "7480000000000000FF1F00000000000000F8",
      "end_key": "7480000000000000FF2100000000000000F8",
      "epoch": {
        "conf_ver": 17,
        "version": 16
      },
      "peers": [
        {
          "id": 71,
          "store_id": 1
        },
        {
          "id": 100,
          "store_id": 11
        },
        {
          "id": 140,
          "store_id": 5
        }
      ],
      "leader": {
        "id": 100,
        "store_id": 11
      },
      "approximate_size": 1
    },
    {
      "id": 234,
      "start_key": "7480000000000000FF305F728000000000FF038D4F0000000000FA",
      "end_key": "7480000000000000FF305F728000000000FF0A01A70000000000FA",
      "epoch": {
        "conf_ver": 14,
        "version": 25
      },
      "peers": [
        {
          "id": 235,
          "store_id": 1
        },
        {
          "id": 236,
          "store_id": 5
        },
        {
          "id": 237,
          "store_id": 13
        }
      ],
      "leader": {
        "id": 235,
        "store_id": 1
      },
      "approximate_size": 91,
      "approximate_keys": 403901
    },
    {
      "id": 18,
      "start_key": "7480000000000000FF0500000000000000F8",
      "end_key": "7480000000000000FF0700000000000000F8",
      "epoch": {
        "conf_ver": 17,
        "version": 3
      },
      "peers": [
        {
          "id": 19,
          "store_id": 1
        },
        {
          "id": 93,
          "store_id": 9
        },
        {
          "id": 139,
          "store_id": 5
        }
      ],
      "leader": {
        "id": 93,
        "store_id": 9
      },
      "approximate_size": 1,
      "approximate_keys": 2
    },
    {
      "id": 62,
      "start_key": "7480000000000000FF1B00000000000000F8",
      "end_key": "7480000000000000FF1D00000000000000F8",
      "epoch": {
        "conf_ver": 17,
        "version": 14
      },
      "peers": [
        {
          "id": 63,
          "store_id": 1
        },
        {
          "id": 126,
          "store_id": 5
        },
        {
          "id": 161,
          "store_id": 11
        }
      ],
      "leader": {
        "id": 126,
        "store_id": 5
      },
      "approximate_size": 1
    },
    {
      "id": 78,
      "start_key": "7480000000000000FF2300000000000000F8",
      "end_key": "7480000000000000FF2500000000000000F8",
      "epoch": {
        "conf_ver": 17,
        "version": 18
      },
      "peers": [
        {
          "id": 79,
          "store_id": 1
        },
        {
          "id": 111,
          "store_id": 5
        },
        {
          "id": 169,
          "store_id": 11
        }
      ],
      "leader": {
        "id": 169,
        "store_id": 11
      },
      "approximate_size": 1
    },
    {
      "id": 86,
      "start_key": "7480000000000000FF2700000000000000F8",
      "end_key": "7480000000000000FF2900000000000000F8",
      "epoch": {
        "conf_ver": 17,
        "version": 20
      },
      "peers": [
        {
          "id": 87,
          "store_id": 1
        },
        {
          "id": 110,
          "store_id": 13
        },
        {
          "id": 156,
          "store_id": 7
        }
      ],
      "leader": {
        "id": 110,
        "store_id": 13
      },
      "approximate_size": 1
    },
    {
      "id": 170,
      "start_key": "7480000000000000FF305F728000000000FF0A01A70000000000FA",
      "end_key": "7480000000000000FF3100000000000000F8",
      "epoch": {
        "conf_ver": 14,
        "version": 25
      },
      "peers": [
        {
          "id": 171,
          "store_id": 1
        },
        {
          "id": 172,
          "store_id": 5
        },
        {
          "id": 173,
          "store_id": 13
        }
      ],
      "leader": {
        "id": 171,
        "store_id": 1
      },
      "written_bytes": 178682982,
      "written_keys": 953619,
      "approximate_size": 176,
      "approximate_keys": 769853
    },
    {
      "id": 190,
      "start_key": "7480000000000000FF2E5F728000000000FF0A5B8D0000000000FA",
      "end_key": "7480000000000000FF3000000000000000F8",
      "epoch": {
        "conf_ver": 14,
        "version": 25
      },
      "peers": [
        {
          "id": 191,
          "store_id": 1
        },
        {
          "id": 192,
          "store_id": 5
        },
        {
          "id": 193,
          "store_id": 13
        }
      ],
      "leader": {
        "id": 191,
        "store_id": 1
      },
      "written_bytes": 144178893,
      "written_keys": 769268,
      "approximate_size": 166,
      "approximate_keys": 722320
    },
    {
      "id": 46,
      "start_key": "7480000000000000FF1300000000000000F8",
      "end_key": "7480000000000000FF1500000000000000F8",
      "epoch": {
        "conf_ver": 20,
        "version": 10
      },
      "peers": [
        {
          "id": 47,
          "store_id": 1
        },
        {
          "id": 158,
          "store_id": 7
        },
        {
          "id": 167,
          "store_id": 11
        }
      ],
      "leader": {
        "id": 158,
        "store_id": 7
      },
      "written_bytes": 10330,
      "read_bytes": 46368,
      "written_keys": 152,
      "read_keys": 711,
      "approximate_size": 1,
      "approximate_keys": 24
    },
    {
      "id": 198,
      "start_key": "7480000000000000FF3400000000000000F8",
      "end_key": "7480000000000000FF345F728000000000FF03F24B0000000000FA",
      "epoch": {
        "conf_ver": 14,
        "version": 23
      },
      "peers": [
        {
          "id": 199,
          "store_id": 1
        },
        {
          "id": 200,
          "store_id": 5
        },
        {
          "id": 201,
          "store_id": 13
        }
      ],
      "leader": {
        "id": 199,
        "store_id": 1
      },
      "written_bytes": 5264445,
      "written_keys": 69156,
      "approximate_size": 111,
      "approximate_keys": 902329
    },
    {
      "id": 230,
      "start_key": "7480000000000000FF2E5F728000000000FF03EF790000000000FA",
      "end_key": "7480000000000000FF2E5F728000000000FF0A5B8D0000000000FA",
      "epoch": {
        "conf_ver": 14,
        "version": 25
      },
      "peers": [
        {
          "id": 231,
          "store_id": 1
        },
        {
          "id": 232,
          "store_id": 5
        },
        {
          "id": 233,
          "store_id": 13
        }
      ],
      "leader": {
        "id": 233,
        "store_id": 13
      },
      "approximate_size": 95,
      "approximate_keys": 438503
    },
    {
      "id": 214,
      "start_key": "7480000000000000FF3000000000000000F8",
      "end_key": "7480000000000000FF305F728000000000FF038D4F0000000000FA",
      "epoch": {
        "conf_ver": 14,
        "version": 24
      },
      "peers": [
        {
          "id": 215,
          "store_id": 1
        },
        {
          "id": 216,
          "store_id": 5
        },
        {
          "id": 217,
          "store_id": 13
        }
      ],
      "leader": {
        "id": 215,
        "store_id": 1
      },
      "approximate_size": 101,
      "approximate_keys": 861185
    },
    {
      "id": 218,
      "start_key": "7480000000000000FF2D00000000000000F8",
      "end_key": "7480000000000000FF2D5F728000000000FF036B8B0000000000FA",
      "epoch": {
        "conf_ver": 14,
        "version": 24
      },
      "peers": [
        {
          "id": 219,
          "store_id": 1
        },
        {
          "id": 220,
          "store_id": 5
        },
        {
          "id": 221,
          "store_id": 13
        }
      ],
      "leader": {
        "id": 219,
        "store_id": 1
      },
      "approximate_size": 92,
      "approximate_keys": 851068
    },
    {
      "id": 14,
      "start_key": "",
      "end_key": "7480000000000000FF0500000000000000F8",
      "epoch": {
        "conf_ver": 17,
        "version": 2
      },
      "peers": [
        {
          "id": 15,
          "store_id": 1
        },
        {
          "id": 108,
          "store_id": 9
        },
        {
          "id": 138,
          "store_id": 5
        }
      ],
      "leader": {
        "id": 108,
        "store_id": 9
      },
      "written_bytes": 22795,
      "read_bytes": 20984,
      "written_keys": 429,
      "read_keys": 296,
      "approximate_size": 1,
      "approximate_keys": 368
    },
    {
      "id": 58,
      "start_key": "7480000000000000FF1900000000000000F8",
      "end_key": "7480000000000000FF1B00000000000000F8",
      "epoch": {
        "conf_ver": 20,
        "version": 13
      },
      "peers": [
        {
          "id": 59,
          "store_id": 1
        },
        {
          "id": 159,
          "store_id": 7
        },
        {
          "id": 166,
          "store_id": 11
        }
      ],
      "leader": {
        "id": 159,
        "store_id": 7
      },
      "written_bytes": 35,
      "written_keys": 1,
      "approximate_size": 1
    },
    {
      "id": 74,
      "start_key": "7480000000000000FF2100000000000000F8",
      "end_key": "7480000000000000FF2300000000000000F8",
      "epoch": {
        "conf_ver": 20,
        "version": 17
      },
      "peers": [
        {
          "id": 75,
          "store_id": 1
        },
        {
          "id": 160,
          "store_id": 7
        },
        {
          "id": 164,
          "store_id": 13
        }
      ],
      "leader": {
        "id": 160,
        "store_id": 7
      },
      "approximate_size": 1
    },
    {
      "id": 174,
      "start_key": "7480000000000000FF2D5F728000000000FF036B8B0000000000FA",
      "end_key": "7480000000000000FF2E00000000000000F8",
      "epoch": {
        "conf_ver": 14,
        "version": 24
      },
      "peers": [
        {
          "id": 175,
          "store_id": 1
        },
        {
          "id": 176,
          "store_id": 5
        },
        {
          "id": 177,
          "store_id": 13
        }
      ],
      "leader": {
        "id": 175,
        "store_id": 1
      },
      "written_bytes": 73039572,
      "written_keys": 553591,
      "approximate_size": 208,
      "approximate_keys": 1419207
    },
    {
      "id": 178,
      "start_key": "7480000000000000FF335F728000000000FF0A450B0000000000FA",
      "end_key": "7480000000000000FF3400000000000000F8",
      "epoch": {
        "conf_ver": 14,
        "version": 25
      },
      "peers": [
        {
          "id": 179,
          "store_id": 1
        },
        {
          "id": 180,
          "store_id": 5
        },
        {
          "id": 181,
          "store_id": 13
        }
      ],
      "leader": {
        "id": 179,
        "store_id": 1
      },
      "written_bytes": 143151297,
      "written_keys": 765202,
      "approximate_size": 172,
      "approximate_keys": 749039
    },
    {
      "id": 206,
      "start_key": "7480000000000000FF3300000000000000F8",
      "end_key": "7480000000000000FF335F728000000000FF03D4520000000000FA",
      "epoch": {
        "conf_ver": 14,
        "version": 24
      },
      "peers": [
        {
          "id": 207,
          "store_id": 1
        },
        {
          "id": 208,
          "store_id": 5
        },
        {
          "id": 209,
          "store_id": 13
        }
      ],
      "leader": {
        "id": 207,
        "store_id": 1
      },
      "approximate_size": 98,
      "approximate_keys": 834854
    },
    {
      "id": 50,
      "start_key": "7480000000000000FF1500000000000000F8",
      "end_key": "7480000000000000FF1700000000000000F8",
      "epoch": {
        "conf_ver": 17,
        "version": 11
      },
      "peers": [
        {
          "id": 51,
          "store_id": 1
        },
        {
          "id": 129,
          "store_id": 5
        },
        {
          "id": 168,
          "store_id": 11
        }
      ],
      "leader": {
        "id": 129,
        "store_id": 5
      },
      "written_bytes": 178338,
      "read_bytes": 300099,
      "written_keys": 294,
      "read_keys": 3690,
      "approximate_size": 1,
      "approximate_keys": 6
    },
    {
      "id": 54,
      "start_key": "7480000000000000FF1700000000000000F8",
      "end_key": "7480000000000000FF1900000000000000F8",
      "epoch": {
        "conf_ver": 20,
        "version": 12
      },
      "peers": [
        {
          "id": 55,
          "store_id": 1
        },
        {
          "id": 157,
          "store_id": 7
        },
        {
          "id": 165,
          "store_id": 11
        }
      ],
      "leader": {
        "id": 165,
        "store_id": 11
      },
      "approximate_size": 1,
      "approximate_keys": 2190
    },
    {
      "id": 186,
      "start_key": "7480000000000000FF2900000000000000F8",
      "end_key": "7480000000000000FF2D00000000000000F8",
      "epoch": {
        "conf_ver": 14,
        "version": 23
      },
      "peers": [
        {
          "id": 187,
          "store_id": 1
        },
        {
          "id": 188,
          "store_id": 5
        },
        {
          "id": 189,
          "store_id": 13
        }
      ],
      "leader": {
        "id": 189,
        "store_id": 13
      },
      "written_bytes": 35,
      "written_keys": 1,
      "approximate_size": 1
    },
    {
      "id": 194,
      "start_key": "7480000000000000FF3100000000000000F8",
      "end_key": "7480000000000000FF315F728000000000FF03FA830000000000FA",
      "epoch": {
        "conf_ver": 14,
        "version": 24
      },
      "peers": [
        {
          "id": 195,
          "store_id": 1
        },
        {
          "id": 196,
          "store_id": 5
        },
        {
          "id": 197,
          "store_id": 13
        }
      ],
      "leader": {
        "id": 196,
        "store_id": 5
      },
      "written_bytes": 9094970,
      "written_keys": 116728,
      "approximate_size": 108,
      "approximate_keys": 844380
    },
    {
      "id": 222,
      "start_key": "7480000000000000FF345F728000000000FF03F24B0000000000FA",
      "end_key": "7480000000000000FF345F728000000000FF0A66BD0000000000FA",
      "epoch": {
        "conf_ver": 14,
        "version": 24
      },
      "peers": [
        {
          "id": 223,
          "store_id": 1
        },
        {
          "id": 224,
          "store_id": 5
        },
        {
          "id": 225,
          "store_id": 13
        }
      ],
      "leader": {
        "id": 223,
        "store_id": 1
      },
      "written_bytes": 23,
      "written_keys": 1,
      "approximate_size": 96,
      "approximate_keys": 430982
    },
    {
      "id": 210,
      "start_key": "7480000000000000FF2E00000000000000F8",
      "end_key": "7480000000000000FF2E5F728000000000FF03EF790000000000FA",
      "epoch": {
        "conf_ver": 14,
        "version": 24
      },
      "peers": [
        {
          "id": 211,
          "store_id": 1
        },
        {
          "id": 212,
          "store_id": 5
        },
        {
          "id": 213,
          "store_id": 13
        }
      ],
      "leader": {
        "id": 211,
        "store_id": 1
      },
      "written_bytes": 6447970,
      "written_keys": 82652,
      "approximate_size": 106,
      "approximate_keys": 900968
    },
    {
      "id": 2,
      "start_key": "7480000000000000FF345F728000000000FF0A66BD0000000000FA",
      "end_key": "",
      "epoch": {
        "conf_ver": 14,
        "version": 24
      },
      "peers": [
        {
          "id": 3,
          "store_id": 1
        },
        {
          "id": 127,
          "store_id": 5
        },
        {
          "id": 147,
          "store_id": 13
        }
      ],
      "leader": {
        "id": 3,
        "store_id": 1
      },
      "written_bytes": 158347995,
      "written_keys": 845648,
      "approximate_size": 168,
      "approximate_keys": 734856
    },
    {
      "id": 38,
      "start_key": "7480000000000000FF0F00000000000000F8",
      "end_key": "7480000000000000FF1100000000000000F8",
      "epoch": {
        "conf_ver": 14,
        "version": 8
      },
      "peers": [
        {
          "id": 39,
          "store_id": 1
        },
        {
          "id": 121,
          "store_id": 5
        },
        {
          "id": 152,
          "store_id": 13
        }
      ],
      "leader": {
        "id": 39,
        "store_id": 1
      },
      "written_bytes": 405,
      "read_bytes": 3994,
      "written_keys": 5,
      "read_keys": 37,
      "approximate_size": 1
    },
    {
      "id": 42,
      "start_key": "7480000000000000FF1100000000000000F8",
      "end_key": "7480000000000000FF1300000000000000F8",
      "epoch": {
        "conf_ver": 17,
        "version": 9
      },
      "peers": [
        {
          "id": 43,
          "store_id": 1
        },
        {
          "id": 118,
          "store_id": 5
        },
        {
          "id": 163,
          "store_id": 11
        }
      ],
      "leader": {
        "id": 163,
        "store_id": 11
      },
      "approximate_size": 1
    },
    {
      "id": 66,
      "start_key": "7480000000000000FF1D00000000000000F8",
      "end_key": "7480000000000000FF1F00000000000000F8",
      "epoch": {
        "conf_ver": 17,
        "version": 15
      },
      "peers": [
        {
          "id": 67,
          "store_id": 1
        },
        {
          "id": 124,
          "store_id": 5
        },
        {
          "id": 162,
          "store_id": 11
        }
      ],
      "leader": {
        "id": 67,
        "store_id": 1
      },
      "approximate_size": 1
    },
    {
      "id": 82,
      "start_key": "7480000000000000FF2500000000000000F8",
      "end_key": "7480000000000000FF2700000000000000F8",
      "epoch": {
        "conf_ver": 14,
        "version": 19
      },
      "peers": [
        {
          "id": 83,
          "store_id": 1
        },
        {
          "id": 120,
          "store_id": 5
        },
        {
          "id": 143,
          "store_id": 13
        }
      ],
      "leader": {
        "id": 120,
        "store_id": 5
      },
      "approximate_size": 1
    },
    {
      "id": 182,
      "start_key": "7480000000000000FF315F728000000000FF0A5ED40000000000FA",
      "end_key": "7480000000000000FF3300000000000000F8",
      "epoch": {
        "conf_ver": 14,
        "version": 25
      },
      "peers": [
        {
          "id": 183,
          "store_id": 1
        },
        {
          "id": 184,
          "store_id": 5
        },
        {
          "id": 185,
          "store_id": 13
        }
      ],
      "leader": {
        "id": 184,
        "store_id": 5
      },
      "written_bytes": 263,
      "written_keys": 4,
      "approximate_size": 74,
      "approximate_keys": 734425
    },
    {
      "id": 30,
      "start_key": "7480000000000000FF0B00000000000000F8",
      "end_key": "7480000000000000FF0D00000000000000F8",
      "epoch": {
        "conf_ver": 14,
        "version": 6
      },
      "peers": [
        {
          "id": 31,
          "store_id": 1
        },
        {
          "id": 113,
          "store_id": 5
        },
        {
          "id": 153,
          "store_id": 13
        }
      ],
      "leader": {
        "id": 153,
        "store_id": 13
      },
      "approximate_size": 1
    },
    {
      "id": 226,
      "start_key": "7480000000000000FF335F728000000000FF03D4520000000000FA",
      "end_key": "7480000000000000FF335F728000000000FF0A450B0000000000FA",
      "epoch": {
        "conf_ver": 14,
        "version": 25
      },
      "peers": [
        {
          "id": 227,
          "store_id": 1
        },
        {
          "id": 228,
          "store_id": 5
        },
        {
          "id": 229,
          "store_id": 13
        }
      ],
      "leader": {
        "id": 227,
        "store_id": 1
      },
      "approximate_size": 97,
      "approximate_keys": 447562
    }
  ]
}
