{
  "count": 132,
  "regions": [
    {
      "id": 230,
      "start_key": "7480000000000000FF2E5F728000000000FF03EF790000000000FA",
      "end_key": "7480000000000000FF2E5F728000000000FF0A5B8D0000000000FA",
      "epoch": {
        "conf_ver": 26,
        "version": 25
      },
      "peers": [
        {
          "id": 231,
          "store_id": 1
        },
        {
          "id": 274,
          "store_id": 7
        },
        {
          "id": 461,
          "store_id": 6
        }
      ],
      "leader": {
        "id": 461,
        "store_id": 6
      },
      "approximate_size": 1
    },
    {
      "id": 573,
      "start_key": "7480000000000000FF725F728000000000FF30C9C60000000000FA",
      "end_key": "7480000000000000FF725F728000000000FF3729600000000000FA",
      "epoch": {
        "conf_ver": 26,
        "version": 45
      },
      "peers": [
        {
          "id": 574,
          "store_id": 1
        },
        {
          "id": 575,
          "store_id": 11
        },
        {
          "id": 576,
          "store_id": 8
        }
      ],
      "leader": {
        "id": 576,
        "store_id": 8
      },
      "approximate_size": 95,
      "approximate_keys": 416048
    },
    {
      "id": 765,
      "start_key": "7480000000000000FF715F728000000000FF82C0D00000000000FA",
      "end_key": "7480000000000000FF715F728000000000FF89206A0000000000FA",
      "epoch": {
        "conf_ver": 23,
        "version": 59
      },
      "peers": [
        {
          "id": 766,
          "store_id": 1
        },
        {
          "id": 767,
          "store_id": 7
        },
        {
          "id": 768,
          "store_id": 11
        }
      ],
      "leader": {
        "id": 767,
        "store_id": 7
      },
      "written_bytes": 23,
      "written_keys": 1,
      "approximate_size": 92,
      "approximate_keys": 404869
    },
    {
      "id": 306,
      "start_key": "7480000000000000FF4A00000000000000F8",
      "end_key": "7480000000000000FF4C00000000000000F8",
      "epoch": {
        "conf_ver": 26,
        "version": 27
      },
      "peers": [
        {
          "id": 307,
          "store_id": 1
        },
        {
          "id": 604,
          "store_id": 13
        },
        {
          "id": 669,
          "store_id": 5
        }
      ],
      "leader": {
        "id": 604,
        "store_id": 13
      },
      "approximate_size": 1
    },
    {
      "id": 429,
      "start_key": "7480000000000000FF715F728000000000FF95DF9E0000000000FA",
      "end_key": "7480000000000000FF7200000000000000F8",
      "epoch": {
        "conf_ver": 23,
        "version": 61
      },
      "peers": [
        {
          "id": 430,
          "store_id": 1
        },
        {
          "id": 431,
          "store_id": 7
        },
        {
          "id": 432,
          "store_id": 11
        }
      ],
      "leader": {
        "id": 431,
        "store_id": 7
      },
      "written_bytes": 135356414,
      "written_keys": 742576,
      "approximate_size": 149,
      "approximate_keys": 648789
    },
    {
      "id": 662,
      "start_key": "7480000000000000FF725F728000000000FF5D66FC0000000000FA",
      "end_key": "7480000000000000FF725F728000000000FF63C6960000000000FA",
      "epoch": {
        "conf_ver": 26,
        "version": 52
      },
      "peers": [
        {
          "id": 663,
          "store_id": 1
        },
        {
          "id": 664,
          "store_id": 11
        },
        {
          "id": 665,
          "store_id": 8
        }
      ],
      "leader": {
        "id": 665,
        "store_id": 8
      },
      "approximate_size": 94,
      "approximate_keys": 409934
    },
    {
      "id": 683,
      "start_key": "7480000000000000FF725F698000000000FF0000010380000000FF0007778803800000FF0000018C55000000FC",
      "end_key": "7480000000000000FF725F698000000000FF0000010380000000FF0007E9A003800000FF000031E37A000000FC",
      "epoch": {
        "conf_ver": 23,
        "version": 41
      },
      "peers": [
        {
          "id": 684,
          "store_id": 1
        },
        {
          "id": 685,
          "store_id": 7
        },
        {
          "id": 686,
          "store_id": 11
        }
      ],
      "leader": {
        "id": 686,
        "store_id": 11
      },
      "written_bytes": 3875,
      "written_keys": 54,
      "approximate_size": 86,
      "approximate_keys": 1354315
    },
    {
      "id": 728,
      "start_key": "7480000000000000FF715F728000000000FF6FA2020000000000FA",
      "end_key": "7480000000000000FF715F728000000000FF76019C0000000000FA",
      "epoch": {
        "conf_ver": 23,
        "version": 56
      },
      "peers": [
        {
          "id": 729,
          "store_id": 1
        },
        {
          "id": 730,
          "store_id": 7
        },
        {
          "id": 731,
          "store_id": 11
        }
      ],
      "leader": {
        "id": 731,
        "store_id": 11
      },
      "written_bytes": 35,
      "written_keys": 1,
      "approximate_size": 98,
      "approximate_keys": 427894
    },
    {
      "id": 581,
      "start_key": "7480000000000000FF725F728000000000FF3729600000000000FA",
      "end_key": "7480000000000000FF725F728000000000FF3D88FA0000000000FA",
      "epoch": {
        "conf_ver": 26,
        "version": 46
      },
      "peers": [
        {
          "id": 582,
          "store_id": 1
        },
        {
          "id": 583,
          "store_id": 11
        },
        {
          "id": 584,
          "store_id": 8
        }
      ],
      "leader": {
        "id": 584,
        "store_id": 8
      },
      "approximate_size": 93,
      "approximate_keys": 408996
    },
    {
      "id": 186,
      "start_key": "7480000000000000FF2900000000000000F8",
      "end_key": "7480000000000000FF2D00000000000000F8",
      "epoch": {
        "conf_ver": 26,
        "version": 23
      },
      "peers": [
        {
          "id": 187,
          "store_id": 1
        },
        {
          "id": 272,
          "store_id": 6
        },
        {
          "id": 551,
          "store_id": 8
        }
      ],
      "leader": {
        "id": 272,
        "store_id": 6
      },
      "approximate_size": 1
    },
    {
      "id": 194,
      "start_key": "7480000000000000FF3100000000000000F8",
      "end_key": "7480000000000000FF315F728000000000FF03FA830000000000FA",
      "epoch": {
        "conf_ver": 29,
        "version": 24
      },
      "peers": [
        {
          "id": 195,
          "store_id": 1
        },
        {
          "id": 196,
          "store_id": 5
        },
        {
          "id": 538,
          "store_id": 6
        }
      ],
      "leader": {
        "id": 196,
        "store_id": 5
      },
      "approximate_size": 24,
      "approximate_keys": 360383
    },
    {
      "id": 222,
      "start_key": "7480000000000000FF345F728000000000FF03F24B0000000000FA",
      "end_key": "7480000000000000FF345F728000000000FF0A66BD0000000000FA",
      "epoch": {
        "conf_ver": 26,
        "version": 24
      },
      "peers": [
        {
          "id": 223,
          "store_id": 1
        },
        {
          "id": 535,
          "store_id": 8
        },
        {
          "id": 808,
          "store_id": 4
        }
      ],
      "leader": {
        "id": 223,
        "store_id": 1
      },
      "approximate_size": 1
    },
    {
      "id": 352,
      "start_key": "7480000000000000FF6700000000000000F8",
      "end_key": "7480000000000000FF675F728000000000FF03B19E0000000000FA",
      "epoch": {
        "conf_ver": 26,
        "version": 34
      },
      "peers": [
        {
          "id": 353,
          "store_id": 1
        },
        {
          "id": 355,
          "store_id": 11
        },
        {
          "id": 410,
          "store_id": 5
        }
      ],
      "leader": {
        "id": 410,
        "store_id": 5
      },
      "approximate_size": 119,
      "approximate_keys": 1242077
    },
    {
      "id": 389,
      "start_key": "7480000000000000FF5F5F728000000000FF0372650000000000FA",
      "end_key": "7480000000000000FF5F5F728000000000FF09E36F0000000000FA",
      "epoch": {
        "conf_ver": 23,
        "version": 33
      },
      "peers": [
        {
          "id": 390,
          "store_id": 1
        },
        {
          "id": 392,
          "store_id": 7
        },
        {
          "id": 425,
          "store_id": 9
        }
      ],
      "leader": {
        "id": 425,
        "store_id": 9
      },
      "approximate_size": 95,
      "approximate_keys": 417690
    },
    {
      "id": 210,
      "start_key": "7480000000000000FF2E00000000000000F8",
      "end_key": "7480000000000000FF2E5F728000000000FF03EF790000000000FA",
      "epoch": {
        "conf_ver": 20,
        "version": 24
      },
      "peers": [
        {
          "id": 211,
          "store_id": 1
        },
        {
          "id": 243,
          "store_id": 8
        },
        {
          "id": 248,
          "store_id": 9
        }
      ],
      "leader": {
        "id": 243,
        "store_id": 8
      },
      "approximate_size": 1
    },
    {
      "id": 290,
      "start_key": "7480000000000000FF4600000000000000F8",
      "end_key": "7480000000000000FF4800000000000000F8",
      "epoch": {
        "conf_ver": 30,
        "version": 26
      },
      "peers": [
        {
          "id": 291,
          "store_id": 1
        },
        {
          "id": 408,
          "store_id": 8
        },
        {
          "id": 457,
          "store_id": 6
        },
        {
          "id": 813,
          "store_id": 5,
          "is_learner": true
        }
      ],
      "leader": {
        "id": 457,
        "store_id": 6
      },
      "pending_peers": [
        {
          "id": 813,
          "store_id": 5,
          "is_learner": true
        }
      ],
      "written_bytes": 133,
      "written_keys": 2,
      "approximate_size": 33,
      "approximate_keys": 225918
    },
    {
      "id": 441,
      "start_key": "7480000000000000FF715F698000000000FF0000010380000000FF00098F5F03800000FF000039C155000000FC",
      "end_key": "7480000000000000FF715F728000000000FF0330E50000000000FA",
      "epoch": {
        "conf_ver": 23,
        "version": 40
      },
      "peers": [
        {
          "id": 442,
          "store_id": 1
        },
        {
          "id": 443,
          "store_id": 7
        },
        {
          "id": 444,
          "store_id": 11
        }
      ],
      "leader": {
        "id": 444,
        "store_id": 11
      },
      "written_bytes": 11833952,
      "written_keys": 181092,
      "approximate_size": 90,
      "approximate_keys": 865382
    },
    {
      "id": 433,
      "start_key": "7480000000000000FF675F728000000000FF0A177D0000000000FA",
      "end_key": "7480000000000000FF7100000000000000F8",
      "epoch": {
        "conf_ver": 23,
        "version": 37
      },
      "peers": [
        {
          "id": 434,
          "store_id": 1
        },
        {
          "id": 435,
          "store_id": 7
        },
        {
          "id": 436,
          "store_id": 11
        }
      ],
      "leader": {
        "id": 434,
        "store_id": 1
      },
      "approximate_size": 83,
      "approximate_keys": 384607
    },
    {
      "id": 520,
      "start_key": "7480000000000000FF725F728000000000FF1DAAF80000000000FA",
      "end_key": "7480000000000000FF725F728000000000FF240A920000000000FA",
      "epoch": {
        "conf_ver": 29,
        "version": 42
      },
      "peers": [
        {
          "id": 521,
          "store_id": 1
        },
        {
          "id": 523,
          "store_id": 8
        },
        {
          "id": 674,
          "store_id": 6
        }
      ],
      "leader": {
        "id": 674,
        "store_id": 6
      },
      "approximate_size": 95,
      "approximate_keys": 417690
    },
    {
      "id": 562,
      "start_key": "7480000000000000FF725F728000000000FF2A6A2C0000000000FA",
      "end_key": "7480000000000000FF725F728000000000FF30C9C60000000000FA",
      "epoch": {
        "conf_ver": 26,
        "version": 44
      },
      "peers": [
        {
          "id": 563,
          "store_id": 1
        },
        {
          "id": 564,
          "store_id": 11
        },
        {
          "id": 565,
          "store_id": 8
        }
      ],
      "leader": {
        "id": 565,
        "store_id": 8
      },
      "approximate_size": 94,
      "approximate_keys": 409983
    },
    {
      "id": 737,
      "start_key": "7480000000000000FF715F728000000000FF76019C0000000000FA",
      "end_key": "7480000000000000FF715F728000000000FF7C61360000000000FA",
      "epoch": {
        "conf_ver": 26,
        "version": 57
      },
      "peers": [
        {
          "id": 738,
          "store_id": 1
        },
        {
          "id": 739,
          "store_id": 7
        },
        {
          "id": 800,
          "store_id": 13
        }
      ],
      "leader": {
        "id": 739,
        "store_id": 7
      },
      "approximate_size": 92,
      "approximate_keys": 407017
    },
    {
      "id": 234,
      "start_key": "7480000000000000FF305F728000000000FF038D4F0000000000FA",
      "end_key": "7480000000000000FF305F728000000000FF0A01A70000000000FA",
      "epoch": {
        "conf_ver": 24,
        "version": 25
      },
      "peers": [
        {
          "id": 235,
          "store_id": 1
        },
        {
          "id": 287,
          "store_id": 9
        },
        {
          "id": 451,
          "store_id": 8
        },
        {
          "id": 812,
          "store_id": 5,
          "is_learner": true
        }
      ],
      "leader": {
        "id": 287,
        "store_id": 9
      },
      "pending_peers": [
        {
          "id": 812,
          "store_id": 5,
          "is_learner": true
        }
      ],
      "approximate_size": 1
    },
    {
      "id": 547,
      "start_key": "7480000000000000FF715F698000000000FF0000010380000000FF00067B0C03800000FF0000229974000000FC",
      "end_key": "7480000000000000FF715F698000000000FF0000010380000000FF0006EB3D03800000FF000012B8D6000000FC",
      "epoch": {
        "conf_ver": 23,
        "version": 42
      },
      "peers": [
        {
          "id": 548,
          "store_id": 1
        },
        {
          "id": 549,
          "store_id": 7
        },
        {
          "id": 550,
          "store_id": 11
        }
      ],
      "leader": {
        "id": 548,
        "store_id": 1
      },
      "written_bytes": 18308882,
      "written_keys": 274187,
      "approximate_size": 63,
      "approximate_keys": 1001263
    },
    {
      "id": 609,
      "start_key": "7480000000000000FF715F698000000000FF0000010380000000FF00090F1003800000FF00006D0DFC000000FC",
      "end_key": "7480000000000000FF715F698000000000FF0000010380000000FF00098F5F03800000FF000039C155000000FC",
      "epoch": {
        "conf_ver": 23,
        "version": 41
      },
      "peers": [
        {
          "id": 610,
          "store_id": 1
        },
        {
          "id": 611,
          "store_id": 7
        },
        {
          "id": 612,
          "store_id": 11
        }
      ],
      "leader": {
        "id": 612,
        "store_id": 11
      },
      "written_bytes": 11943337,
      "written_keys": 184049,
      "approximate_size": 44,
      "approximate_keys": 662930
    },
    {
      "id": 625,
      "start_key": "7480000000000000FF725F698000000000FF0000010380000000FF0006111303800000FF00006FCCF5000000FC",
      "end_key": "7480000000000000FF725F698000000000FF0000010380000000FF0006761703800000FF000001506F000000FC",
      "epoch": {
        "conf_ver": 23,
        "version": 42
      },
      "peers": [
        {
          "id": 626,
          "store_id": 1
        },
        {
          "id": 627,
          "store_id": 7
        },
        {
          "id": 628,
          "store_id": 11
        }
      ],
      "leader": {
        "id": 626,
        "store_id": 1
      },
      "written_bytes": 12458356,
      "written_keys": 192887,
      "approximate_size": 43,
      "approximate_keys": 671599
    },
    {
      "id": 633,
      "start_key": "7480000000000000FF715F728000000000FF4964660000000000FA",
      "end_key": "7480000000000000FF715F728000000000FF4FC4000000000000FA",
      "epoch": {
        "conf_ver": 23,
        "version": 50
      },
      "peers": [
        {
          "id": 634,
          "store_id": 1
        },
        {
          "id": 635,
          "store_id": 7
        },
        {
          "id": 636,
          "store_id": 11
        }
      ],
      "leader": {
        "id": 635,
        "store_id": 7
      },
      "approximate_size": 99,
      "approximate_keys": 482212
    },
    {
      "id": 78,
      "start_key": "7480000000000000FF2300000000000000F8",
      "end_key": "7480000000000000FF2500000000000000F8",
      "epoch": {
        "conf_ver": 23,
        "version": 18
      },
      "peers": [
        {
          "id": 79,
          "store_id": 1
        },
        {
          "id": 169,
          "store_id": 11
        },
        {
          "id": 811,
          "store_id": 5
        }
      ],
      "leader": {
        "id": 169,
        "store_id": 11
      },
      "approximate_size": 1
    },
    {
      "id": 86,
      "start_key": "7480000000000000FF2700000000000000F8",
      "end_key": "7480000000000000FF2900000000000000F8",
      "epoch": {
        "conf_ver": 32,
        "version": 20
      },
      "peers": [
        {
          "id": 87,
          "store_id": 1
        },
        {
          "id": 156,
          "store_id": 7
        },
        {
          "id": 695,
          "store_id": 6
        }
      ],
      "leader": {
        "id": 87,
        "store_id": 1
      },
      "approximate_size": 1
    },
    {
      "id": 190,
      "start_key": "7480000000000000FF2E5F728000000000FF0A5B8D0000000000FA",
      "end_key": "7480000000000000FF3000000000000000F8",
      "epoch": {
        "conf_ver": 23,
        "version": 25
      },
      "peers": [
        {
          "id": 191,
          "store_id": 1
        },
        {
          "id": 242,
          "store_id": 6
        },
        {
          "id": 533,
          "store_id": 8
        }
      ],
      "leader": {
        "id": 242,
        "store_id": 6
      },
      "approximate_size": 75,
      "approximate_keys": 328343
    },
    {
      "id": 712,
      "start_key": "7480000000000000FF715F728000000000FF6942680000000000FA",
      "end_key": "7480000000000000FF715F728000000000FF6FA2020000000000FA",
      "epoch": {
        "conf_ver": 23,
        "version": 55
      },
      "peers": [
        {
          "id": 713,
          "store_id": 1
        },
        {
          "id": 714,
          "store_id": 7
        },
        {
          "id": 715,
          "store_id": 11
        }
      ],
      "leader": {
        "id": 714,
        "store_id": 7
      },
      "approximate_size": 95,
      "approximate_keys": 415337
    },
    {
      "id": 238,
      "start_key": "7480000000000000FF2D5F728000000000FF036B8B0000000000FA",
      "end_key": "7480000000000000FF2D5F728000000000FF09D59D0000000000FA",
      "epoch": {
        "conf_ver": 26,
        "version": 25
      },
      "peers": [
        {
          "id": 239,
          "store_id": 1
        },
        {
          "id": 397,
          "store_id": 8
        },
        {
          "id": 677,
          "store_id": 4
        }
      ],
      "leader": {
        "id": 677,
        "store_id": 4
      },
      "approximate_size": 1
    },
    {
      "id": 482,
      "start_key": "7480000000000000FF725F728000000000FF0A7A6C0000000000FA",
      "end_key": "7480000000000000FF725F728000000000FF10EBC40000000000FA",
      "epoch": {
        "conf_ver": 26,
        "version": 39
      },
      "peers": [
        {
          "id": 483,
          "store_id": 1
        },
        {
          "id": 484,
          "store_id": 11
        },
        {
          "id": 485,
          "store_id": 8
        }
      ],
      "leader": {
        "id": 485,
        "store_id": 8
      },
      "approximate_size": 90,
      "approximate_keys": 393664
    },
    {
      "id": 733,
      "start_key": "7480000000000000FF725F728000000000FF7085CA0000000000FA",
      "end_key": "7480000000000000FF725F728000000000FF76E5640000000000FA",
      "epoch": {
        "conf_ver": 26,
        "version": 55
      },
      "peers": [
        {
          "id": 734,
          "store_id": 1
        },
        {
          "id": 735,
          "store_id": 11
        },
        {
          "id": 736,
          "store_id": 8
        }
      ],
      "leader": {
        "id": 736,
        "store_id": 8
      },
      "approximate_size": 98,
      "approximate_keys": 446921
    },
    {
      "id": 478,
      "start_key": "7480000000000000FF715F698000000000FF0000010380000000FF0008189403800000FF000023EF96000000FC",
      "end_key": "7480000000000000FF715F698000000000FF0000010380000000FF0008790C03800000FF00000D5D4F000000FC",
      "epoch": {
        "conf_ver": 23,
        "version": 41
      },
      "peers": [
        {
          "id": 479,
          "store_id": 1
        },
        {
          "id": 480,
          "store_id": 7
        },
        {
          "id": 481,
          "store_id": 11
        }
      ],
      "leader": {
        "id": 480,
        "store_id": 7
      },
      "written_bytes": 17700183,
      "written_keys": 259888,
      "approximate_size": 73,
      "approximate_keys": 1138389
    },
    {
      "id": 577,
      "start_key": "7480000000000000FF715F728000000000FF3645980000000000FA",
      "end_key": "7480000000000000FF715F728000000000FF3CA5320000000000FA",
      "epoch": {
        "conf_ver": 26,
        "version": 47
      },
      "peers": [
        {
          "id": 578,
          "store_id": 1
        },
        {
          "id": 580,
          "store_id": 11
        },
        {
          "id": 797,
          "store_id": 8
        }
      ],
      "leader": {
        "id": 580,
        "store_id": 11
      },
      "approximate_size": 97,
      "approximate_keys": 424123
    },
    {
      "id": 720,
      "start_key": "7480000000000000FF715F698000000000FF0000010380000000FF0008790C03800000FF00000D5D4F000000FC",
      "end_key": "7480000000000000FF715F698000000000FF0000010380000000FF00090F1003800000FF00006D0DFC000000FC",
      "epoch": {
        "conf_ver": 23,
        "version": 41
      },
      "peers": [
        {
          "id": 721,
          "store_id": 1
        },
        {
          "id": 722,
          "store_id": 7
        },
        {
          "id": 723,
          "store_id": 11
        }
      ],
      "leader": {
        "id": 723,
        "store_id": 11
      },
      "written_bytes": 21361120,
      "written_keys": 315693,
      "approximate_size": 73,
      "approximate_keys": 1151185
    },
    {
      "id": 58,
      "start_key": "7480000000000000FF1900000000000000F8",
      "end_key": "7480000000000000FF1B00000000000000F8",
      "epoch": {
        "conf_ver": 20,
        "version": 13
      },
      "peers": [
        {
          "id": 59,
          "store_id": 1
        },
        {
          "id": 159,
          "store_id": 7
        },
        {
          "id": 166,
          "store_id": 11
        }
      ],
      "leader": {
        "id": 159,
        "store_id": 7
      },
      "approximate_size": 1
    },
    {
      "id": 74,
      "start_key": "7480000000000000FF2100000000000000F8",
      "end_key": "7480000000000000FF2300000000000000F8",
      "epoch": {
        "conf_ver": 35,
        "version": 17
      },
      "peers": [
        {
          "id": 75,
          "store_id": 1
        },
        {
          "id": 160,
          "store_id": 7
        },
        {
          "id": 689,
          "store_id": 9
        }
      ],
      "leader": {
        "id": 75,
        "store_id": 1
      },
      "approximate_size": 1
    },
    {
      "id": 214,
      "start_key": "7480000000000000FF3000000000000000F8",
      "end_key": "7480000000000000FF305F728000000000FF038D4F0000000000FA",
      "epoch": {
        "conf_ver": 26,
        "version": 24
      },
      "peers": [
        {
          "id": 215,
          "store_id": 1
        },
        {
          "id": 281,
          "store_id": 8
        },
        {
          "id": 285,
          "store_id": 9
        }
      ],
      "leader": {
        "id": 281,
        "store_id": 8
      },
      "approximate_size": 1
    },
    {
      "id": 218,
      "start_key": "7480000000000000FF2D00000000000000F8",
      "end_key": "7480000000000000FF2D5F728000000000FF036B8B0000000000FA",
      "epoch": {
        "conf_ver": 24,
        "version": 24
      },
      "peers": [
        {
          "id": 219,
          "store_id": 1
        },
        {
          "id": 244,
          "store_id": 8
        },
        {
          "id": 799,
          "store_id": 13
        },
        {
          "id": 815,
          "store_id": 9,
          "is_learner": true
        }
      ],
      "leader": {
        "id": 244,
        "store_id": 8
      },
      "pending_peers": [
        {
          "id": 815,
          "store_id": 9,
          "is_learner": true
        }
      ],
      "written_bytes": 133,
      "written_keys": 2,
      "approximate_size": 1
    },
    {
      "id": 334,
      "start_key": "7480000000000000FF655F728000000000FF08960E0000000000FA",
      "end_key": "7480000000000000FF6700000000000000F8",
      "epoch": {
        "conf_ver": 29,
        "version": 36
      },
      "peers": [
        {
          "id": 335,
          "store_id": 1
        },
        {
          "id": 412,
          "store_id": 8
        },
        {
          "id": 464,
          "store_id": 11
        }
      ],
      "leader": {
        "id": 412,
        "store_id": 8
      },
      "approximate_size": 101,
      "approximate_keys": 442628
    },
    {
      "id": 785,
      "start_key": "7480000000000000FF715F728000000000FF8F80040000000000FA",
      "end_key": "7480000000000000FF715F728000000000FF95DF9E0000000000FA",
      "epoch": {
        "conf_ver": 23,
        "version": 61
      },
      "peers": [
        {
          "id": 786,
          "store_id": 1
        },
        {
          "id": 787,
          "store_id": 7
        },
        {
          "id": 788,
          "store_id": 11
        }
      ],
      "leader": {
        "id": 787,
        "store_id": 7
      },
      "approximate_size": 86,
      "approximate_keys": 380353
    },
    {
      "id": 50,
      "start_key": "7480000000000000FF1500000000000000F8",
      "end_key": "7480000000000000FF1700000000000000F8",
      "epoch": {
        "conf_ver": 23,
        "version": 11
      },
      "peers": [
        {
          "id": 51,
          "store_id": 1
        },
        {
          "id": 406,
          "store_id": 7
        },
        {
          "id": 543,
          "store_id": 4
        }
      ],
      "leader": {
        "id": 51,
        "store_id": 1
      },
      "written_bytes": 657561,
      "read_bytes": 15249844,
      "written_keys": 149,
      "read_keys": 9824,
      "approximate_size": 4,
      "approximate_keys": 39
    },
    {
      "id": 508,
      "start_key": "7480000000000000FF725F728000000000FF174B5E0000000000FA",
      "end_key": "7480000000000000FF725F728000000000FF1DAAF80000000000FA",
      "epoch": {
        "conf_ver": 26,
        "version": 41
      },
      "peers": [
        {
          "id": 509,
          "store_id": 1
        },
        {
          "id": 510,
          "store_id": 11
        },
        {
          "id": 511,
          "store_id": 8
        }
      ],
      "leader": {
        "id": 509,
        "store_id": 1
      },
      "approximate_size": 94,
      "approximate_keys": 409014
    },
    {
      "id": 621,
      "start_key": "7480000000000000FF715F698000000000FF0000010380000000FF0006213C03800000FF00001853A5000000FC",
      "end_key": "7480000000000000FF715F698000000000FF0000010380000000FF00067B0C03800000FF0000229974000000FC",
      "epoch": {
        "conf_ver": 26,
        "version": 43
      },
      "peers": [
        {
          "id": 622,
          "store_id": 1
        },
        {
          "id": 623,
          "store_id": 7
        },
        {
          "id": 673,
          "store_id": 6
        }
      ],
      "leader": {
        "id": 673,
        "store_id": 6
      },
      "written_bytes": 12085102,
      "written_keys": 186334,
      "approximate_size": 44,
      "approximate_keys": 660639
    },
    {
      "id": 637,
      "start_key": "7480000000000000FF725F728000000000FF4A482E0000000000FA",
      "end_key": "7480000000000000FF725F728000000000FF50A7C80000000000FA",
      "epoch": {
        "conf_ver": 30,
        "version": 49
      },
      "peers": [
        {
          "id": 638,
          "store_id": 1
        },
        {
          "id": 640,
          "store_id": 8
        },
        {
          "id": 801,
          "store_id": 13
        },
        {
          "id": 814,
          "store_id": 6,
          "is_learner": true
        }
      ],
      "leader": {
        "id": 640,
        "store_id": 8
      },
      "pending_peers": [
        {
          "id": 814,
          "store_id": 6,
          "is_learner": true
        }
      ],
      "written_bytes": 140,
      "written_keys": 2,
      "approximate_size": 95,
      "approximate_keys": 416048
    },
    {
      "id": 437,
      "start_key": "7480000000000000FF725F698000000000FF0000010380000000FF0009CF4803800000FF000043DAA4000000FC",
      "end_key": "7480000000000000FF725F728000000000FF0410FD0000000000FA",
      "epoch": {
        "conf_ver": 26,
        "version": 39
      },
      "peers": [
        {
          "id": 438,
          "store_id": 1
        },
        {
          "id": 439,
          "store_id": 7
        },
        {
          "id": 532,
          "store_id": 9
        }
      ],
      "leader": {
        "id": 532,
        "store_id": 9
      },
      "written_bytes": 8573436,
      "written_keys": 133854,
      "approximate_size": 93,
      "approximate_keys": 757491
    },
    {
      "id": 446,
      "start_key": "7480000000000000FF725F728000000000FF0410FD0000000000FA",
      "end_key": "7480000000000000FF725F728000000000FF0A7A6C0000000000FA",
      "epoch": {
        "conf_ver": 33,
        "version": 38
      },
      "peers": [
        {
          "id": 447,
          "store_id": 1
        },
        {
          "id": 448,
          "store_id": 7
        },
        {
          "id": 698,
          "store_id": 13
        },
        {
          "id": 817,
          "store_id": 4,
          "is_learner": true
        }
      ],
      "leader": {
        "id": 698,
        "store_id": 13
      },
      "pending_peers": [
        {
          "id": 817,
          "store_id": 4,
          "is_learner": true
        }
      ],
      "approximate_size": 98,
      "approximate_keys": 430108
    },
    {
      "id": 528,
      "start_key": "7480000000000000FF725F728000000000FF240A920000000000FA",
      "end_key": "7480000000000000FF725F728000000000FF2A6A2C0000000000FA",
      "epoch": {
        "conf_ver": 29,
        "version": 43
      },
      "peers": [
        {
          "id": 529,
          "store_id": 1
        },
        {
          "id": 531,
          "store_id": 8
        },
        {
          "id": 545,
          "store_id": 9
        }
      ],
      "leader": {
        "id": 529,
        "store_id": 1
      },
      "approximate_size": 96,
      "approximate_keys": 440242
    },
    {
      "id": 2,
      "start_key": "7480000000000000FF725F728000000000FF96C3660000000000FA",
      "end_key": "",
      "epoch": {
        "conf_ver": 26,
        "version": 60
      },
      "peers": [
        {
          "id": 3,
          "store_id": 1
        },
        {
          "id": 347,
          "store_id": 11
        },
        {
          "id": 452,
          "store_id": 8
        }
      ],
      "leader": {
        "id": 452,
        "store_id": 8
      },
      "written_bytes": 119068410,
      "written_keys": 675778,
      "approximate_size": 96,
      "approximate_keys": 424897
    },
    {
      "id": 38,
      "start_key": "7480000000000000FF0F00000000000000F8",
      "end_key": "7480000000000000FF1100000000000000F8",
      "epoch": {
        "conf_ver": 29,
        "version": 8
      },
      "peers": [
        {
          "id": 39,
          "store_id": 1
        },
        {
          "id": 278,
          "store_id": 7
        },
        {
          "id": 460,
          "store_id": 6
        }
      ],
      "leader": {
        "id": 460,
        "store_id": 6
      },
      "written_bytes": 1634,
      "read_bytes": 3197,
      "written_keys": 18,
      "read_keys": 28,
      "approximate_size": 1,
      "approximate_keys": 2
    },
    {
      "id": 82,
      "start_key": "7480000000000000FF2500000000000000F8",
      "end_key": "7480000000000000FF2700000000000000F8",
      "epoch": {
        "conf_ver": 17,
        "version": 19
      },
      "peers": [
        {
          "id": 83,
          "store_id": 1
        },
        {
          "id": 120,
          "store_id": 5
        },
        {
          "id": 247,
          "store_id": 9
        }
      ],
      "leader": {
        "id": 120,
        "store_id": 5
      },
      "approximate_size": 1
    },
    {
      "id": 318,
      "start_key": "7480000000000000FF4E00000000000000F8",
      "end_key": "7480000000000000FF5D00000000000000F8",
      "epoch": {
        "conf_ver": 26,
        "version": 29
      },
      "peers": [
        {
          "id": 319,
          "store_id": 1
        },
        {
          "id": 537,
          "store_id": 5
        },
        {
          "id": 608,
          "store_id": 9
        }
      ],
      "leader": {
        "id": 537,
        "store_id": 5
      },
      "approximate_size": 1
    },
    {
      "id": 348,
      "start_key": "7480000000000000FF6300000000000000F8",
      "end_key": "7480000000000000FF635F728000000000FF041AB50000000000FA",
      "epoch": {
        "conf_ver": 35,
        "version": 35
      },
      "peers": [
        {
          "id": 349,
          "store_id": 1
        },
        {
          "id": 351,
          "store_id": 7
        },
        {
          "id": 691,
          "store_id": 9
        }
      ],
      "leader": {
        "id": 691,
        "store_id": 9
      },
      "approximate_size": 125,
      "approximate_keys": 1268980
    },
    {
      "id": 700,
      "start_key": "7480000000000000FF715F728000000000FF62E2CE0000000000FA",
      "end_key": "7480000000000000FF715F728000000000FF6942680000000000FA",
      "epoch": {
        "conf_ver": 24,
        "version": 54
      },
      "peers": [
        {
          "id": 701,
          "store_id": 1
        },
        {
          "id": 702,
          "store_id": 7
        },
        {
          "id": 703,
          "store_id": 11
        },
        {
          "id": 805,
          "store_id": 9,
          "is_learner": true
        }
      ],
      "leader": {
        "id": 702,
        "store_id": 7
      },
      "pending_peers": [
        {
          "id": 805,
          "store_id": 9,
          "is_learner": true
        }
      ],
      "approximate_size": 90,
      "approximate_keys": 422024
    },
    {
      "id": 30,
      "start_key": "7480000000000000FF0B00000000000000F8",
      "end_key": "7480000000000000FF0D00000000000000F8",
      "epoch": {
        "conf_ver": 21,
        "version": 6
      },
      "peers": [
        {
          "id": 31,
          "store_id": 1
        },
        {
          "id": 256,
          "store_id": 7
        },
        {
          "id": 289,
          "store_id": 11
        },
        {
          "id": 806,
          "store_id": 4,
          "is_learner": true
        }
      ],
      "leader": {
        "id": 256,
        "store_id": 7
      },
      "pending_peers": [
        {
          "id": 806,
          "store_id": 4,
          "is_learner": true
        }
      ],
      "approximate_size": 1
    },
    {
      "id": 322,
      "start_key": "7480000000000000FF5D5F728000000000FF0A579A0000000000FA",
      "end_key": "7480000000000000FF5F00000000000000F8",
      "epoch": {
        "conf_ver": 29,
        "version": 32
      },
      "peers": [
        {
          "id": 323,
          "store_id": 1
        },
        {
          "id": 398,
          "store_id": 8
        },
        {
          "id": 424,
          "store_id": 6
        }
      ],
      "leader": {
        "id": 424,
        "store_id": 6
      },
      "written_bytes": 39,
      "written_keys": 1,
      "approximate_size": 76,
      "approximate_keys": 331265
    },
    {
      "id": 749,
      "start_key": "7480000000000000FF7200000000000000F8",
      "end_key": "7480000000000000FF725F698000000000FF0000010380000000FF0006111303800000FF00006FCCF5000000FC",
      "epoch": {
        "conf_ver": 26,
        "version": 42
      },
      "peers": [
        {
          "id": 750,
          "store_id": 1
        },
        {
          "id": 751,
          "store_id": 7
        },
        {
          "id": 810,
          "store_id": 4
        }
      ],
      "leader": {
        "id": 750,
        "store_id": 1
      },
      "written_bytes": 4183,
      "written_keys": 59,
      "approximate_size": 78,
      "approximate_keys": 1135230
    },
    {
      "id": 777,
      "start_key": "7480000000000000FF725F728000000000FF8A04320000000000FA",
      "end_key": "7480000000000000FF725F728000000000FF9063CC0000000000FA",
      "epoch": {
        "conf_ver": 26,
        "version": 59
      },
      "peers": [
        {
          "id": 778,
          "store_id": 1
        },
        {
          "id": 779,
          "store_id": 11
        },
        {
          "id": 780,
          "store_id": 8
        }
      ],
      "leader": {
        "id": 780,
        "store_id": 8
      },
      "written_bytes": 35,
      "written_keys": 1,
      "approximate_size": 96,
      "approximate_keys": 459761
    },
    {
      "id": 26,
      "start_key": "7480000000000000FF0900000000000000F8",
      "end_key": "7480000000000000FF0B00000000000000F8",
      "epoch": {
        "conf_ver": 26,
        "version": 5
      },
      "peers": [
        {
          "id": 27,
          "store_id": 1
        },
        {
          "id": 116,
          "store_id": 5
        },
        {
          "id": 694,
          "store_id": 6
        }
      ],
      "leader": {
        "id": 116,
        "store_id": 5
      },
      "approximate_size": 1
    },
    {
      "id": 649,
      "start_key": "7480000000000000FF725F728000000000FF5707620000000000FA",
      "end_key": "7480000000000000FF725F728000000000FF5D66FC0000000000FA",
      "epoch": {
        "conf_ver": 29,
        "version": 51
      },
      "peers": [
        {
          "id": 650,
          "store_id": 1
        },
        {
          "id": 652,
          "store_id": 8
        },
        {
          "id": 679,
          "store_id": 4
        }
      ],
      "leader": {
        "id": 679,
        "store_id": 4
      },
      "approximate_size": 95,
      "approximate_keys": 417690
    },
    {
      "id": 298,
      "start_key": "7480000000000000FF4800000000000000F8",
      "end_key": "7480000000000000FF4A00000000000000F8",
      "epoch": {
        "conf_ver": 35,
        "version": 26
      },
      "peers": [
        {
          "id": 299,
          "store_id": 1
        },
        {
          "id": 301,
          "store_id": 7
        },
        {
          "id": 690,
          "store_id": 9
        }
      ],
      "leader": {
        "id": 299,
        "store_id": 1
      },
      "approximate_size": 1
    },
    {
      "id": 326,
      "start_key": "7480000000000000FF5F5F728000000000FF09E36F0000000000FA",
      "end_key": "7480000000000000FF6100000000000000F8",
      "epoch": {
        "conf_ver": 26,
        "version": 33
      },
      "peers": [
        {
          "id": 327,
          "store_id": 1
        },
        {
          "id": 428,
          "store_id": 9
        },
        {
          "id": 454,
          "store_id": 5
        }
      ],
      "leader": {
        "id": 454,
        "store_id": 5
      },
      "approximate_size": 82,
      "approximate_keys": 359293
    },
    {
      "id": 364,
      "start_key": "7480000000000000FF675F728000000000FF03B19E0000000000FA",
      "end_key": "7480000000000000FF675F728000000000FF0A177D0000000000FA",
      "epoch": {
        "conf_ver": 23,
        "version": 35
      },
      "peers": [
        {
          "id": 365,
          "store_id": 1
        },
        {
          "id": 366,
          "store_id": 7
        },
        {
          "id": 367,
          "store_id": 11
        }
      ],
      "leader": {
        "id": 365,
        "store_id": 1
      },
      "approximate_size": 95,
      "approximate_keys": 415113
    },
    {
      "id": 569,
      "start_key": "7480000000000000FF715F728000000000FF2FE5FE0000000000FA",
      "end_key": "7480000000000000FF715F728000000000FF3645980000000000FA",
      "epoch": {
        "conf_ver": 26,
        "version": 46
      },
      "peers": [
        {
          "id": 570,
          "store_id": 1
        },
        {
          "id": 571,
          "store_id": 7
        },
        {
          "id": 802,
          "store_id": 6
        }
      ],
      "leader": {
        "id": 571,
        "store_id": 7
      },
      "approximate_size": 95,
      "approximate_keys": 416048
    },
    {
      "id": 653,
      "start_key": "7480000000000000FF715F728000000000FF56239A0000000000FA",
      "end_key": "7480000000000000FF715F728000000000FF5C83340000000000FA",
      "epoch": {
        "conf_ver": 26,
        "version": 52
      },
      "peers": [
        {
          "id": 654,
          "store_id": 1
        },
        {
          "id": 655,
          "store_id": 7
        },
        {
          "id": 678,
          "store_id": 4
        }
      ],
      "leader": {
        "id": 678,
        "store_id": 4
      },
      "approximate_size": 95,
      "approximate_keys": 417690
    },
    {
      "id": 393,
      "start_key": "7480000000000000FF635F728000000000FF041AB50000000000FA",
      "end_key": "7480000000000000FF635F728000000000FF0A84D50000000000FA",
      "epoch": {
        "conf_ver": 23,
        "version": 36
      },
      "peers": [
        {
          "id": 394,
          "store_id": 1
        },
        {
          "id": 396,
          "store_id": 7
        },
        {
          "id": 426,
          "store_id": 11
        }
      ],
      "leader": {
        "id": 396,
        "store_id": 7
      },
      "approximate_size": 94,
      "approximate_keys": 417039
    },
    {
      "id": 585,
      "start_key": "7480000000000000FF725F698000000000FF0000010380000000FF0007E9A003800000FF000031E37A000000FC",
      "end_key": "7480000000000000FF725F698000000000FF0000010380000000FF0008284703800000FF00001E5AA7000000FC",
      "epoch": {
        "conf_ver": 23,
        "version": 41
      },
      "peers": [
        {
          "id": 586,
          "store_id": 1
        },
        {
          "id": 587,
          "store_id": 7
        },
        {
          "id": 588,
          "store_id": 11
        }
      ],
      "leader": {
        "id": 588,
        "store_id": 11
      },
      "written_bytes": 12933475,
      "written_keys": 199920,
      "approximate_size": 40,
      "approximate_keys": 619825
    },
    {
      "id": 629,
      "start_key": "7480000000000000FF725F698000000000FF0000010380000000FF0009393803800000FF000055C1A4000000FC",
      "end_key": "7480000000000000FF725F698000000000FF0000010380000000FF0009CF4803800000FF000043DAA4000000FC",
      "epoch": {
        "conf_ver": 29,
        "version": 40
      },
      "peers": [
        {
          "id": 630,
          "store_id": 1
        },
        {
          "id": 632,
          "store_id": 9
        },
        {
          "id": 667,
          "store_id": 8
        }
      ],
      "leader": {
        "id": 632,
        "store_id": 9
      },
      "written_bytes": 12483734,
      "written_keys": 198012,
      "approximate_size": 44,
      "approximate_keys": 684172
    },
    {
      "id": 708,
      "start_key": "7480000000000000FF715F698000000000FF0000010380000000FF00076CE503800000FF000007A3A5000000FC",
      "end_key": "7480000000000000FF715F698000000000FF0000010380000000FF0007D80B03800000FF0000095DD5000000FC",
      "epoch": {
        "conf_ver": 23,
        "version": 42
      },
      "peers": [
        {
          "id": 709,
          "store_id": 1
        },
        {
          "id": 710,
          "store_id": 7
        },
        {
          "id": 711,
          "store_id": 11
        }
      ],
      "leader": {
        "id": 710,
        "store_id": 7
      },
      "written_bytes": 22030378,
      "written_keys": 319059,
      "approximate_size": 83,
      "approximate_keys": 1281146
    },
    {
      "id": 198,
      "start_key": "7480000000000000FF3400000000000000F8",
      "end_key": "7480000000000000FF345F728000000000FF03F24B0000000000FA",
      "epoch": {
        "conf_ver": 20,
        "version": 23
      },
      "peers": [
        {
          "id": 199,
          "store_id": 1
        },
        {
          "id": 261,
          "store_id": 8
        },
        {
          "id": 266,
          "store_id": 9
        }
      ],
      "leader": {
        "id": 261,
        "store_id": 8
      },
      "approximate_size": 1
    },
    {
      "id": 314,
      "start_key": "7480000000000000FF4C00000000000000F8",
      "end_key": "7480000000000000FF4E00000000000000F8",
      "epoch": {
        "conf_ver": 26,
        "version": 28
      },
      "peers": [
        {
          "id": 315,
          "store_id": 1
        },
        {
          "id": 499,
          "store_id": 6
        },
        {
          "id": 795,
          "store_id": 5
        }
      ],
      "leader": {
        "id": 499,
        "store_id": 6
      },
      "approximate_size": 24,
      "approximate_keys": 166758
    },
    {
      "id": 380,
      "start_key": "7480000000000000FF6500000000000000F8",
      "end_key": "7480000000000000FF655F728000000000FF0226180000000000FA",
      "epoch": {
        "conf_ver": 26,
        "version": 36
      },
      "peers": [
        {
          "id": 381,
          "store_id": 1
        },
        {
          "id": 534,
          "store_id": 8
        },
        {
          "id": 607,
          "store_id": 9
        }
      ],
      "leader": {
        "id": 607,
        "store_id": 9
      },
      "approximate_size": 95,
      "approximate_keys": 1139681
    },
    {
      "id": 504,
      "start_key": "7480000000000000FF725F698000000000FF0000010380000000FF000743A503800000FF00004346B8000000FC",
      "end_key": "7480000000000000FF725F698000000000FF0000010380000000FF0007778803800000FF0000018C55000000FC",
      "epoch": {
        "conf_ver": 23,
        "version": 41
      },
      "peers": [
        {
          "id": 505,
          "store_id": 1
        },
        {
          "id": 506,
          "store_id": 7
        },
        {
          "id": 507,
          "store_id": 11
        }
      ],
      "leader": {
        "id": 505,
        "store_id": 1
      },
      "written_bytes": 11063808,
      "written_keys": 170525,
      "approximate_size": 38,
      "approximate_keys": 595303
    },
    {
      "id": 613,
      "start_key": "7480000000000000FF715F728000000000FF4304CC0000000000FA",
      "end_key": "7480000000000000FF715F728000000000FF4964660000000000FA",
      "epoch": {
        "conf_ver": 26,
        "version": 49
      },
      "peers": [
        {
          "id": 614,
          "store_id": 1
        },
        {
          "id": 615,
          "store_id": 7
        },
        {
          "id": 675,
          "store_id": 9
        }
      ],
      "leader": {
        "id": 675,
        "store_id": 9
      },
      "approximate_size": 95,
      "approximate_keys": 417690
    },
    {
      "id": 466,
      "start_key": "7480000000000000FF715F728000000000FF0330E50000000000FA",
      "end_key": "7480000000000000FF715F728000000000FF0998FB0000000000FA",
      "epoch": {
        "conf_ver": 26,
        "version": 39
      },
      "peers": [
        {
          "id": 467,
          "store_id": 1
        },
        {
          "id": 469,
          "store_id": 11
        },
        {
          "id": 536,
          "store_id": 5
        }
      ],
      "leader": {
        "id": 469,
        "store_id": 11
      },
      "approximate_size": 95,
      "approximate_keys": 416048
    },
    {
      "id": 645,
      "start_key": "7480000000000000FF725F728000000000FF50A7C80000000000FA",
      "end_key": "7480000000000000FF725F728000000000FF5707620000000000FA",
      "epoch": {
        "conf_ver": 26,
        "version": 50
      },
      "peers": [
        {
          "id": 646,
          "store_id": 1
        },
        {
          "id": 647,
          "store_id": 11
        },
        {
          "id": 648,
          "store_id": 8
        }
      ],
      "leader": {
        "id": 648,
        "store_id": 8
      },
      "approximate_size": 96,
      "approximate_keys": 421807
    },
    {
      "id": 14,
      "start_key": "",
      "end_key": "7480000000000000FF0500000000000000F8",
      "epoch": {
        "conf_ver": 20,
        "version": 2
      },
      "peers": [
        {
          "id": 15,
          "store_id": 1
        },
        {
          "id": 108,
          "store_id": 9
        },
        {
          "id": 399,
          "store_id": 8
        }
      ],
      "leader": {
        "id": 108,
        "store_id": 9
      },
      "written_bytes": 10062,
      "read_bytes": 24545,
      "written_keys": 182,
      "read_keys": 344,
      "approximate_size": 1,
      "approximate_keys": 368
    },
    {
      "id": 174,
      "start_key": "7480000000000000FF2D5F728000000000FF09D59D0000000000FA",
      "end_key": "7480000000000000FF2E00000000000000F8",
      "epoch": {
        "conf_ver": 26,
        "version": 25
      },
      "peers": [
        {
          "id": 175,
          "store_id": 1
        },
        {
          "id": 284,
          "store_id": 9
        },
        {
          "id": 794,
          "store_id": 5
        }
      ],
      "leader": {
        "id": 284,
        "store_id": 9
      },
      "approximate_size": 1
    },
    {
      "id": 178,
      "start_key": "7480000000000000FF335F728000000000FF0A450B0000000000FA",
      "end_key": "7480000000000000FF3400000000000000F8",
      "epoch": {
        "conf_ver": 23,
        "version": 25
      },
      "peers": [
        {
          "id": 179,
          "store_id": 1
        },
        {
          "id": 249,
          "store_id": 4
        },
        {
          "id": 282,
          "store_id": 7
        }
      ],
      "leader": {
        "id": 249,
        "store_id": 4
      },
      "approximate_size": 1
    },
    {
      "id": 206,
      "start_key": "7480000000000000FF3300000000000000F8",
      "end_key": "7480000000000000FF335F728000000000FF03D4520000000000FA",
      "epoch": {
        "conf_ver": 26,
        "version": 24
      },
      "peers": [
        {
          "id": 207,
          "store_id": 1
        },
        {
          "id": 265,
          "store_id": 11
        },
        {
          "id": 459,
          "store_id": 8
        }
      ],
      "leader": {
        "id": 459,
        "store_id": 8
      },
      "approximate_size": 61,
      "approximate_keys": 538361
    },
    {
      "id": 294,
      "start_key": "7480000000000000FF4500000000000000F8",
      "end_key": "7480000000000000FF4600000000000000F8",
      "epoch": {
        "conf_ver": 32,
        "version": 27
      },
      "peers": [
        {
          "id": 295,
          "store_id": 1
        },
        {
          "id": 552,
          "store_id": 8
        },
        {
          "id": 697,
          "store_id": 13
        }
      ],
      "leader": {
        "id": 697,
        "store_id": 13
      },
      "approximate_size": 1
    },
    {
      "id": 54,
      "start_key": "7480000000000000FF1700000000000000F8",
      "end_key": "7480000000000000FF1900000000000000F8",
      "epoch": {
        "conf_ver": 20,
        "version": 12
      },
      "peers": [
        {
          "id": 55,
          "store_id": 1
        },
        {
          "id": 157,
          "store_id": 7
        },
        {
          "id": 165,
          "store_id": 11
        }
      ],
      "leader": {
        "id": 165,
        "store_id": 11
      },
      "approximate_size": 15,
      "approximate_keys": 82481
    },
    {
      "id": 554,
      "start_key": "7480000000000000FF725F698000000000FF0000010380000000FF0006761703800000FF000001506F000000FC",
      "end_key": "7480000000000000FF725F698000000000FF0000010380000000FF0006E4FA03800000FF00002D8866000000FC",
      "epoch": {
        "conf_ver": 23,
        "version": 41
      },
      "peers": [
        {
          "id": 555,
          "store_id": 1
        },
        {
          "id": 556,
          "store_id": 7
        },
        {
          "id": 557,
          "store_id": 11
        }
      ],
      "leader": {
        "id": 556,
        "store_id": 7
      },
      "written_bytes": 17641954,
      "written_keys": 259760,
      "approximate_size": 63,
      "approximate_keys": 976757
    },
    {
      "id": 597,
      "start_key": "7480000000000000FF725F728000000000FF3D88FA0000000000FA",
      "end_key": "7480000000000000FF725F728000000000FF43E8940000000000FA",
      "epoch": {
        "conf_ver": 32,
        "version": 47
      },
      "peers": [
        {
          "id": 598,
          "store_id": 1
        },
        {
          "id": 600,
          "store_id": 8
        },
        {
          "id": 687,
          "store_id": 6
        }
      ],
      "leader": {
        "id": 600,
        "store_id": 8
      },
      "approximate_size": 98,
      "approximate_keys": 427371
    },
    {
      "id": 769,
      "start_key": "7480000000000000FF725F728000000000FF83A4980000000000FA",
      "end_key": "7480000000000000FF725F728000000000FF8A04320000000000FA",
      "epoch": {
        "conf_ver": 26,
        "version": 58
      },
      "peers": [
        {
          "id": 770,
          "store_id": 1
        },
        {
          "id": 771,
          "store_id": 11
        },
        {
          "id": 772,
          "store_id": 8
        }
      ],
      "leader": {
        "id": 772,
        "store_id": 8
      },
      "written_bytes": 35,
      "written_keys": 1,
      "approximate_size": 102,
      "approximate_keys": 463869
    },
    {
      "id": 42,
      "start_key": "7480000000000000FF1100000000000000F8",
      "end_key": "7480000000000000FF1300000000000000F8",
      "epoch": {
        "conf_ver": 20,
        "version": 9
      },
      "peers": [
        {
          "id": 43,
          "store_id": 1
        },
        {
          "id": 163,
          "store_id": 11
        },
        {
          "id": 401,
          "store_id": 8
        }
      ],
      "leader": {
        "id": 163,
        "store_id": 11
      },
      "approximate_size": 1
    },
    {
      "id": 182,
      "start_key": "7480000000000000FF315F728000000000FF0A5ED40000000000FA",
      "end_key": "7480000000000000FF3300000000000000F8",
      "epoch": {
        "conf_ver": 20,
        "version": 25
      },
      "peers": [
        {
          "id": 183,
          "store_id": 1
        },
        {
          "id": 184,
          "store_id": 5
        },
        {
          "id": 696,
          "store_id": 6
        }
      ],
      "leader": {
        "id": 184,
        "store_id": 5
      },
      "approximate_size": 74,
      "approximate_keys": 341175
    },
    {
      "id": 368,
      "start_key": "7480000000000000FF6100000000000000F8",
      "end_key": "7480000000000000FF615F728000000000FF027F980000000000FA",
      "epoch": {
        "conf_ver": 20,
        "version": 34
      },
      "peers": [
        {
          "id": 369,
          "store_id": 1
        },
        {
          "id": 370,
          "store_id": 4
        },
        {
          "id": 371,
          "store_id": 7
        }
      ],
      "leader": {
        "id": 370,
        "store_id": 4
      },
      "approximate_size": 101,
      "approximate_keys": 1164269
    },
    {
      "id": 372,
      "start_key": "7480000000000000FF615F728000000000FF027F980000000000FA",
      "end_key": "7480000000000000FF615F728000000000FF08E8110000000000FA",
      "epoch": {
        "conf_ver": 29,
        "version": 34
      },
      "peers": [
        {
          "id": 373,
          "store_id": 1
        },
        {
          "id": 375,
          "store_id": 7
        },
        {
          "id": 692,
          "store_id": 9
        }
      ],
      "leader": {
        "id": 373,
        "store_id": 1
      },
      "approximate_size": 89,
      "approximate_keys": 390049
    },
    {
      "id": 524,
      "start_key": "7480000000000000FF715F728000000000FF2326CA0000000000FA",
      "end_key": "7480000000000000FF715F728000000000FF2986640000000000FA",
      "epoch": {
        "conf_ver": 38,
        "version": 44
      },
      "peers": [
        {
          "id": 525,
          "store_id": 1
        },
        {
          "id": 668,
          "store_id": 8
        },
        {
          "id": 732,
          "store_id": 13
        }
      ],
      "leader": {
        "id": 732,
        "store_id": 13
      },
      "approximate_size": 93,
      "approximate_keys": 406246
    },
    {
      "id": 226,
      "start_key": "7480000000000000FF335F728000000000FF03D4520000000000FA",
      "end_key": "7480000000000000FF335F728000000000FF0A450B0000000000FA",
      "epoch": {
        "conf_ver": 29,
        "version": 25
      },
      "peers": [
        {
          "id": 227,
          "store_id": 1
        },
        {
          "id": 416,
          "store_id": 9
        },
        {
          "id": 445,
          "store_id": 8
        }
      ],
      "leader": {
        "id": 416,
        "store_id": 9
      },
      "approximate_size": 1
    },
    {
      "id": 384,
      "start_key": "7480000000000000FF655F728000000000FF0226180000000000FA",
      "end_key": "7480000000000000FF655F728000000000FF08960E0000000000FA",
      "epoch": {
        "conf_ver": 26,
        "version": 36
      },
      "peers": [
        {
          "id": 385,
          "store_id": 1
        },
        {
          "id": 494,
          "store_id": 6
        },
        {
          "id": 670,
          "store_id": 5
        }
      ],
      "leader": {
        "id": 670,
        "store_id": 5
      },
      "approximate_size": 96,
      "approximate_keys": 417691
    },
    {
      "id": 641,
      "start_key": "7480000000000000FF715F728000000000FF4FC4000000000000FA",
      "end_key": "7480000000000000FF715F728000000000FF56239A0000000000FA",
      "epoch": {
        "conf_ver": 23,
        "version": 51
      },
      "peers": [
        {
          "id": 642,
          "store_id": 1
        },
        {
          "id": 643,
          "store_id": 7
        },
        {
          "id": 644,
          "store_id": 11
        }
      ],
      "leader": {
        "id": 643,
        "store_id": 7
      },
      "approximate_size": 99,
      "approximate_keys": 456297
    },
    {
      "id": 202,
      "start_key": "7480000000000000FF315F728000000000FF03FA830000000000FA",
      "end_key": "7480000000000000FF315F728000000000FF0A5ED40000000000FA",
      "epoch": {
        "conf_ver": 20,
        "version": 25
      },
      "peers": [
        {
          "id": 203,
          "store_id": 1
        },
        {
          "id": 262,
          "store_id": 9
        },
        {
          "id": 407,
          "store_id": 7
        }
      ],
      "leader": {
        "id": 262,
        "store_id": 9
      },
      "approximate_size": 1
    },
    {
      "id": 338,
      "start_key": "7480000000000000FF635F728000000000FF0A84D50000000000FA",
      "end_key": "7480000000000000FF6500000000000000F8",
      "epoch": {
        "conf_ver": 36,
        "version": 36
      },
      "peers": [
        {
          "id": 339,
          "store_id": 1
        },
        {
          "id": 341,
          "store_id": 7
        },
        {
          "id": 699,
          "store_id": 13
        },
        {
          "id": 816,
          "store_id": 9,
          "is_learner": true
        }
      ],
      "leader": {
        "id": 699,
        "store_id": 13
      },
      "pending_peers": [
        {
          "id": 816,
          "store_id": 9,
          "is_learner": true
        }
      ],
      "written_bytes": 39,
      "written_keys": 1,
      "approximate_size": 133,
      "approximate_keys": 579931
    },
    {
      "id": 356,
      "start_key": "7480000000000000FF5D00000000000000F8",
      "end_key": "7480000000000000FF5D5F728000000000FF03E3000000000000FA",
      "epoch": {
        "conf_ver": 23,
        "version": 31
      },
      "peers": [
        {
          "id": 357,
          "store_id": 1
        },
        {
          "id": 358,
          "store_id": 4
        },
        {
          "id": 793,
          "store_id": 5
        }
      ],
      "leader": {
        "id": 358,
        "store_id": 4
      },
      "approximate_size": 73,
      "approximate_keys": 1204013
    },
    {
      "id": 376,
      "start_key": "7480000000000000FF5D5F728000000000FF03E3000000000000FA",
      "end_key": "7480000000000000FF5D5F728000000000FF0A579A0000000000FA",
      "epoch": {
        "conf_ver": 23,
        "version": 32
      },
      "peers": [
        {
          "id": 377,
          "store_id": 1
        },
        {
          "id": 378,
          "store_id": 4
        },
        {
          "id": 666,
          "store_id": 5
        }
      ],
      "leader": {
        "id": 378,
        "store_id": 4
      },
      "approximate_size": 95,
      "approximate_keys": 415573
    },
    {
      "id": 500,
      "start_key": "7480000000000000FF715F728000000000FF1667960000000000FA",
      "end_key": "7480000000000000FF715F728000000000FF1CC7300000000000FA",
      "epoch": {
        "conf_ver": 23,
        "version": 42
      },
      "peers": [
        {
          "id": 501,
          "store_id": 1
        },
        {
          "id": 502,
          "store_id": 7
        },
        {
          "id": 503,
          "store_id": 11
        }
      ],
      "leader": {
        "id": 502,
        "store_id": 7
      },
      "approximate_size": 97,
      "approximate_keys": 422810
    },
    {
      "id": 22,
      "start_key": "7480000000000000FF0700000000000000F8",
      "end_key": "7480000000000000FF0900000000000000F8",
      "epoch": {
        "conf_ver": 23,
        "version": 4
      },
      "peers": [
        {
          "id": 23,
          "store_id": 1
        },
        {
          "id": 109,
          "store_id": 11
        },
        {
          "id": 411,
          "store_id": 8
        }
      ],
      "leader": {
        "id": 109,
        "store_id": 11
      },
      "approximate_size": 1
    },
    {
      "id": 512,
      "start_key": "7480000000000000FF715F698000000000FF0000010380000000FF0007423603800000FF000021E40F000000FC",
      "end_key": "7480000000000000FF715F698000000000FF0000010380000000FF00076CE503800000FF000007A3A5000000FC",
      "epoch": {
        "conf_ver": 23,
        "version": 42
      },
      "peers": [
        {
          "id": 513,
          "store_id": 1
        },
        {
          "id": 514,
          "store_id": 7
        },
        {
          "id": 515,
          "store_id": 11
        }
      ],
      "leader": {
        "id": 513,
        "store_id": 1
      },
      "written_bytes": 4698964,
      "written_keys": 68021,
      "approximate_size": 93,
      "approximate_keys": 1461895
    },
    {
      "id": 657,
      "start_key": "7480000000000000FF715F728000000000FF5C83340000000000FA",
      "end_key": "7480000000000000FF715F728000000000FF62E2CE0000000000FA",
      "epoch": {
        "conf_ver": 23,
        "version": 53
      },
      "peers": [
        {
          "id": 658,
          "store_id": 1
        },
        {
          "id": 659,
          "store_id": 7
        },
        {
          "id": 660,
          "store_id": 11
        }
      ],
      "leader": {
        "id": 659,
        "store_id": 7
      },
      "approximate_size": 97,
      "approximate_keys": 422810
    },
    {
      "id": 704,
      "start_key": "7480000000000000FF725F728000000000FF63C6960000000000FA",
      "end_key": "7480000000000000FF725F728000000000FF6A26300000000000FA",
      "epoch": {
        "conf_ver": 26,
        "version": 53
      },
      "peers": [
        {
          "id": 705,
          "store_id": 1
        },
        {
          "id": 706,
          "store_id": 11
        },
        {
          "id": 707,
          "store_id": 8
        }
      ],
      "leader": {
        "id": 707,
        "store_id": 8
      },
      "approximate_size": 99,
      "approximate_keys": 432139
    },
    {
      "id": 761,
      "start_key": "7480000000000000FF725F698000000000FF0000010380000000FF0006E4FA03800000FF00002D8866000000FC",
      "end_key": "7480000000000000FF725F698000000000FF0000010380000000FF000743A503800000FF00004346B8000000FC",
      "epoch": {
        "conf_ver": 26,
        "version": 41
      },
      "peers": [
        {
          "id": 762,
          "store_id": 1
        },
        {
          "id": 764,
          "store_id": 11
        },
        {
          "id": 796,
          "store_id": 5
        }
      ],
      "leader": {
        "id": 762,
        "store_id": 1
      },
      "approximate_size": 66,
      "approximate_keys": 1028210
    },
    {
      "id": 781,
      "start_key": "7480000000000000FF715F698000000000FF0000010380000000FF0006EB3D03800000FF000012B8D6000000FC",
      "end_key": "7480000000000000FF715F698000000000FF0000010380000000FF0007423603800000FF000021E40F000000FC",
      "epoch": {
        "conf_ver": 23,
        "version": 42
      },
      "peers": [
        {
          "id": 782,
          "store_id": 1
        },
        {
          "id": 783,
          "store_id": 7
        },
        {
          "id": 784,
          "store_id": 11
        }
      ],
      "leader": {
        "id": 782,
        "store_id": 1
      },
      "written_bytes": 4364,
      "written_keys": 70,
      "approximate_size": 60,
      "approximate_keys": 941071
    },
    {
      "id": 18,
      "start_key": "7480000000000000FF0500000000000000F8",
      "end_key": "7480000000000000FF0700000000000000F8",
      "epoch": {
        "conf_ver": 20,
        "version": 3
      },
      "peers": [
        {
          "id": 19,
          "store_id": 1
        },
        {
          "id": 93,
          "store_id": 9
        },
        {
          "id": 260,
          "store_id": 8
        }
      ],
      "leader": {
        "id": 93,
        "store_id": 9
      },
      "read_bytes": 504,
      "read_keys": 3,
      "approximate_size": 1,
      "approximate_keys": 2
    },
    {
      "id": 170,
      "start_key": "7480000000000000FF305F728000000000FF0A01A70000000000FA",
      "end_key": "7480000000000000FF3100000000000000F8",
      "epoch": {
        "conf_ver": 20,
        "version": 25
      },
      "peers": [
        {
          "id": 171,
          "store_id": 1
        },
        {
          "id": 253,
          "store_id": 6
        },
        {
          "id": 254,
          "store_id": 7
        }
      ],
      "leader": {
        "id": 253,
        "store_id": 6
      },
      "approximate_size": 1
    },
    {
      "id": 486,
      "start_key": "7480000000000000FF715F728000000000FF0998FB0000000000FA",
      "end_key": "7480000000000000FF715F728000000000FF1007FC0000000000FA",
      "epoch": {
        "conf_ver": 26,
        "version": 40
      },
      "peers": [
        {
          "id": 487,
          "store_id": 1
        },
        {
          "id": 488,
          "store_id": 7
        },
        {
          "id": 546,
          "store_id": 9
        }
      ],
      "leader": {
        "id": 546,
        "store_id": 9
      },
      "approximate_size": 95,
      "approximate_keys": 417690
    },
    {
      "id": 490,
      "start_key": "7480000000000000FF715F728000000000FF1007FC0000000000FA",
      "end_key": "7480000000000000FF715F728000000000FF1667960000000000FA",
      "epoch": {
        "conf_ver": 23,
        "version": 41
      },
      "peers": [
        {
          "id": 491,
          "store_id": 1
        },
        {
          "id": 492,
          "store_id": 7
        },
        {
          "id": 493,
          "store_id": 11
        }
      ],
      "leader": {
        "id": 492,
        "store_id": 7
      },
      "approximate_size": 95,
      "approximate_keys": 442565
    },
    {
      "id": 516,
      "start_key": "7480000000000000FF715F728000000000FF1CC7300000000000FA",
      "end_key": "7480000000000000FF715F728000000000FF2326CA0000000000FA",
      "epoch": {
        "conf_ver": 23,
        "version": 43
      },
      "peers": [
        {
          "id": 517,
          "store_id": 1
        },
        {
          "id": 518,
          "store_id": 7
        },
        {
          "id": 519,
          "store_id": 11
        }
      ],
      "leader": {
        "id": 518,
        "store_id": 7
      },
      "approximate_size": 96,
      "approximate_keys": 469823
    },
    {
      "id": 789,
      "start_key": "7480000000000000FF725F728000000000FF9063CC0000000000FA",
      "end_key": "7480000000000000FF725F728000000000FF96C3660000000000FA",
      "epoch": {
        "conf_ver": 26,
        "version": 60
      },
      "peers": [
        {
          "id": 790,
          "store_id": 1
        },
        {
          "id": 791,
          "store_id": 11
        },
        {
          "id": 792,
          "store_id": 8
        }
      ],
      "leader": {
        "id": 792,
        "store_id": 8
      },
      "written_bytes": 35,
      "written_keys": 1,
      "approximate_size": 96,
      "approximate_keys": 422433
    },
    {
      "id": 46,
      "start_key": "7480000000000000FF1300000000000000F8",
      "end_key": "7480000000000000FF1500000000000000F8",
      "epoch": {
        "conf_ver": 20,
        "version": 10
      },
      "peers": [
        {
          "id": 47,
          "store_id": 1
        },
        {
          "id": 158,
          "store_id": 7
        },
        {
          "id": 167,
          "store_id": 11
        }
      ],
      "leader": {
        "id": 158,
        "store_id": 7
      },
      "written_bytes": 4870,
      "read_bytes": 47684,
      "written_keys": 70,
      "read_keys": 761,
      "approximate_size": 1,
      "approximate_keys": 24
    },
    {
      "id": 558,
      "start_key": "7480000000000000FF715F728000000000FF2986640000000000FA",
      "end_key": "7480000000000000FF715F728000000000FF2FE5FE0000000000FA",
      "epoch": {
        "conf_ver": 24,
        "version": 45
      },
      "peers": [
        {
          "id": 559,
          "store_id": 1
        },
        {
          "id": 560,
          "store_id": 7
        },
        {
          "id": 561,
          "store_id": 11
        },
        {
          "id": 804,
          "store_id": 9,
          "is_learner": true
        }
      ],
      "leader": {
        "id": 560,
        "store_id": 7
      },
      "pending_peers": [
        {
          "id": 804,
          "store_id": 9,
          "is_learner": true
        }
      ],
      "approximate_size": 97,
      "approximate_keys": 450443
    },
    {
      "id": 589,
      "start_key": "7480000000000000FF715F728000000000FF3CA5320000000000FA",
      "end_key": "7480000000000000FF715F728000000000FF4304CC0000000000FA",
      "epoch": {
        "conf_ver": 23,
        "version": 48
      },
      "peers": [
        {
          "id": 590,
          "store_id": 1
        },
        {
          "id": 591,
          "store_id": 7
        },
        {
          "id": 592,
          "store_id": 11
        }
      ],
      "leader": {
        "id": 591,
        "store_id": 7
      },
      "approximate_size": 93,
      "approximate_keys": 405406
    },
    {
      "id": 716,
      "start_key": "7480000000000000FF725F728000000000FF6A26300000000000FA",
      "end_key": "7480000000000000FF725F728000000000FF7085CA0000000000FA",
      "epoch": {
        "conf_ver": 29,
        "version": 54
      },
      "peers": [
        {
          "id": 717,
          "store_id": 1
        },
        {
          "id": 719,
          "store_id": 8
        },
        {
          "id": 807,
          "store_id": 4
        }
      ],
      "leader": {
        "id": 719,
        "store_id": 8
      },
      "approximate_size": 94,
      "approximate_keys": 429322
    },
    {
      "id": 757,
      "start_key": "7480000000000000FF725F728000000000FF7D44FE0000000000FA",
      "end_key": "7480000000000000FF725F728000000000FF83A4980000000000FA",
      "epoch": {
        "conf_ver": 29,
        "version": 57
      },
      "peers": [
        {
          "id": 758,
          "store_id": 1
        },
        {
          "id": 760,
          "store_id": 8
        },
        {
          "id": 803,
          "store_id": 6
        }
      ],
      "leader": {
        "id": 760,
        "store_id": 8
      },
      "approximate_size": 93,
      "approximate_keys": 409010
    },
    {
      "id": 495,
      "start_key": "7480000000000000FF725F728000000000FF10EBC40000000000FA",
      "end_key": "7480000000000000FF725F728000000000FF174B5E0000000000FA",
      "epoch": {
        "conf_ver": 35,
        "version": 40
      },
      "peers": [
        {
          "id": 496,
          "store_id": 1
        },
        {
          "id": 601,
          "store_id": 13
        },
        {
          "id": 682,
          "store_id": 5
        }
      ],
      "leader": {
        "id": 601,
        "store_id": 13
      },
      "approximate_size": 95,
      "approximate_keys": 417690
    },
    {
      "id": 360,
      "start_key": "7480000000000000FF5F00000000000000F8",
      "end_key": "7480000000000000FF5F5F728000000000FF0372650000000000FA",
      "epoch": {
        "conf_ver": 23,
        "version": 32
      },
      "peers": [
        {
          "id": 361,
          "store_id": 1
        },
        {
          "id": 363,
          "store_id": 7
        },
        {
          "id": 606,
          "store_id": 6
        }
      ],
      "leader": {
        "id": 606,
        "store_id": 6
      },
      "approximate_size": 115,
      "approximate_keys": 1223017
    },
    {
      "id": 753,
      "start_key": "7480000000000000FF715F728000000000FF7C61360000000000FA",
      "end_key": "7480000000000000FF715F728000000000FF82C0D00000000000FA",
      "epoch": {
        "conf_ver": 24,
        "version": 58
      },
      "peers": [
        {
          "id": 754,
          "store_id": 1
        },
        {
          "id": 755,
          "store_id": 7
        },
        {
          "id": 756,
          "store_id": 11
        },
        {
          "id": 798,
          "store_id": 8,
          "is_learner": true
        }
      ],
      "leader": {
        "id": 756,
        "store_id": 11
      },
      "pending_peers": [
        {
          "id": 798,
          "store_id": 8,
          "is_learner": true
        }
      ],
      "approximate_size": 95,
      "approximate_keys": 413621
    },
    {
      "id": 66,
      "start_key": "7480000000000000FF1D00000000000000F8",
      "end_key": "7480000000000000FF1F00000000000000F8",
      "epoch": {
        "conf_ver": 23,
        "version": 15
      },
      "peers": [
        {
          "id": 67,
          "store_id": 1
        },
        {
          "id": 162,
          "store_id": 11
        },
        {
          "id": 450,
          "store_id": 8
        }
      ],
      "leader": {
        "id": 162,
        "store_id": 11
      },
      "approximate_size": 1
    },
    {
      "id": 745,
      "start_key": "7480000000000000FF725F698000000000FF0000010380000000FF00089F6B03800000FF00000C0D6B000000FC",
      "end_key": "7480000000000000FF725F698000000000FF0000010380000000FF0009393803800000FF000055C1A4000000FC",
      "epoch": {
        "conf_ver": 29,
        "version": 40
      },
      "peers": [
        {
          "id": 746,
          "store_id": 1
        },
        {
          "id": 747,
          "store_id": 9
        },
        {
          "id": 748,
          "store_id": 8
        }
      ],
      "leader": {
        "id": 747,
        "store_id": 9
      },
      "written_bytes": 21695204,
      "written_keys": 337313,
      "approximate_size": 79,
      "approximate_keys": 1178956
    },
    {
      "id": 724,
      "start_key": "7480000000000000FF7100000000000000F8",
      "end_key": "7480000000000000FF715F698000000000FF0000010380000000FF0006213C03800000FF00001853A5000000FC",
      "epoch": {
        "conf_ver": 26,
        "version": 43
      },
      "peers": [
        {
          "id": 725,
          "store_id": 1
        },
        {
          "id": 726,
          "store_id": 7
        },
        {
          "id": 727,
          "store_id": 6
        }
      ],
      "leader": {
        "id": 727,
        "store_id": 6
      },
      "written_bytes": 21895737,
      "written_keys": 326110,
      "approximate_size": 92,
      "approximate_keys": 1366205
    },
    {
      "id": 773,
      "start_key": "7480000000000000FF715F728000000000FF89206A0000000000FA",
      "end_key": "7480000000000000FF715F728000000000FF8F80040000000000FA",
      "epoch": {
        "conf_ver": 23,
        "version": 60
      },
      "peers": [
        {
          "id": 774,
          "store_id": 1
        },
        {
          "id": 775,
          "store_id": 7
        },
        {
          "id": 776,
          "store_id": 11
        }
      ],
      "leader": {
        "id": 775,
        "store_id": 7
      },
      "approximate_size": 97,
      "approximate_keys": 422810
    },
    {
      "id": 474,
      "start_key": "7480000000000000FF725F698000000000FF0000010380000000FF0008284703800000FF00001E5AA7000000FC",
      "end_key": "7480000000000000FF725F698000000000FF0000010380000000FF00089F6B03800000FF00000C0D6B000000FC",
      "epoch": {
        "conf_ver": 23,
        "version": 40
      },
      "peers": [
        {
          "id": 475,
          "store_id": 1
        },
        {
          "id": 476,
          "store_id": 7
        },
        {
          "id": 477,
          "store_id": 11
        }
      ],
      "leader": {
        "id": 477,
        "store_id": 11
      },
      "written_bytes": 21143393,
      "written_keys": 312489,
      "approximate_size": 83,
      "approximate_keys": 1306321
    },
    {
      "id": 593,
      "start_key": "7480000000000000FF715F698000000000FF0000010380000000FF0007D80B03800000FF0000095DD5000000FC",
      "end_key": "7480000000000000FF715F698000000000FF0000010380000000FF0008189403800000FF000023EF96000000FC",
      "epoch": {
        "conf_ver": 23,
        "version": 42
      },
      "peers": [
        {
          "id": 594,
          "store_id": 1
        },
        {
          "id": 595,
          "store_id": 7
        },
        {
          "id": 596,
          "store_id": 11
        }
      ],
      "leader": {
        "id": 595,
        "store_id": 7
      },
      "written_bytes": 13227267,
      "written_keys": 198885,
      "approximate_size": 40,
      "approximate_keys": 631932
    },
    {
      "id": 34,
      "start_key": "7480000000000000FF0D00000000000000F8",
      "end_key": "7480000000000000FF0F00000000000000F8",
      "epoch": {
        "conf_ver": 20,
        "version": 7
      },
      "peers": [
        {
          "id": 35,
          "store_id": 1
        },
        {
          "id": 105,
          "store_id": 6
        },
        {
          "id": 155,
          "store_id": 7
        }
      ],
      "leader": {
        "id": 105,
        "store_id": 6
      },
      "read_bytes": 108800,
      "read_keys": 2095,
      "approximate_size": 1,
      "approximate_keys": 1074
    },
    {
      "id": 70,
      "start_key": "7480000000000000FF1F00000000000000F8",
      "end_key": "7480000000000000FF2100000000000000F8",
      "epoch": {
        "conf_ver": 20,
        "version": 16
      },
      "peers": [
        {
          "id": 71,
          "store_id": 1
        },
        {
          "id": 100,
          "store_id": 11
        },
        {
          "id": 402,
          "store_id": 8
        }
      ],
      "leader": {
        "id": 100,
        "store_id": 11
      },
      "approximate_size": 1
    },
    {
      "id": 302,
      "start_key": "7480000000000000FF345F728000000000FF0A66BD0000000000FA",
      "end_key": "7480000000000000FF4500000000000000F8",
      "epoch": {
        "conf_ver": 32,
        "version": 27
      },
      "peers": [
        {
          "id": 303,
          "store_id": 1
        },
        {
          "id": 414,
          "store_id": 6
        },
        {
          "id": 680,
          "store_id": 8
        }
      ],
      "leader": {
        "id": 414,
        "store_id": 6
      },
      "approximate_size": 74,
      "approximate_keys": 324731
    },
    {
      "id": 617,
      "start_key": "7480000000000000FF725F728000000000FF43E8940000000000FA",
      "end_key": "7480000000000000FF725F728000000000FF4A482E0000000000FA",
      "epoch": {
        "conf_ver": 29,
        "version": 48
      },
      "peers": [
        {
          "id": 618,
          "store_id": 1
        },
        {
          "id": 620,
          "store_id": 8
        },
        {
          "id": 676,
          "store_id": 9
        }
      ],
      "leader": {
        "id": 620,
        "store_id": 8
      },
      "approximate_size": 94,
      "approximate_keys": 409759
    },
    {
      "id": 741,
      "start_key": "7480000000000000FF725F728000000000FF76E5640000000000FA",
      "end_key": "7480000000000000FF725F728000000000FF7D44FE0000000000FA",
      "epoch": {
        "conf_ver": 26,
        "version": 56
      },
      "peers": [
        {
          "id": 742,
          "store_id": 1
        },
        {
          "id": 743,
          "store_id": 11
        },
        {
          "id": 744,
          "store_id": 8
        }
      ],
      "leader": {
        "id": 744,
        "store_id": 8
      },
      "approximate_size": 98,
      "approximate_keys": 447666
    },
    {
      "id": 62,
      "start_key": "7480000000000000FF1B00000000000000F8",
      "end_key": "7480000000000000FF1D00000000000000F8",
      "epoch": {
        "conf_ver": 20,
        "version": 14
      },
      "peers": [
        {
          "id": 63,
          "store_id": 1
        },
        {
          "id": 126,
          "store_id": 5
        },
        {
          "id": 809,
          "store_id": 4
        }
      ],
      "leader": {
        "id": 126,
        "store_id": 5
      },
      "approximate_size": 1
    },
    {
      "id": 330,
      "start_key": "7480000000000000FF615F728000000000FF08E8110000000000FA",
      "end_key": "7480000000000000FF6300000000000000F8",
      "epoch": {
        "conf_ver": 23,
        "version": 34
      },
      "peers": [
        {
          "id": 331,
          "store_id": 1
        },
        {
          "id": 332,
          "store_id": 4
        },
        {
          "id": 661,
          "store_id": 8
        }
      ],
      "leader": {
        "id": 332,
        "store_id": 4
      },
      "approximate_size": 97,
      "approximate_keys": 425006
    }
  ]
}
