{
  "count": 26,
  "regions": [
    {
      "id": 54,
      "start_key": "7480000000000000FF1700000000000000F8",
      "end_key": "7480000000000000FF1900000000000000F8",
      "epoch": {
        "conf_ver": 20,
        "version": 12
      },
      "peers": [
        {
          "id": 55,
          "store_id": 1
        },
        {
          "id": 157,
          "store_id": 7
        },
        {
          "id": 165,
          "store_id": 11
        }
      ],
      "leader": {
        "id": 55,
        "store_id": 1
      },
      "written_bytes": 120,
      "written_keys": 2,
      "approximate_size": 1
    },
    {
      "id": 70,
      "start_key": "7480000000000000FF1F00000000000000F8",
      "end_key": "7480000000000000FF2100000000000000F8",
      "epoch": {
        "conf_ver": 17,
        "version": 16
      },
      "peers": [
        {
          "id": 71,
          "store_id": 1
        },
        {
          "id": 100,
          "store_id": 11
        },
        {
          "id": 140,
          "store_id": 5
        }
      ],
      "leader": {
        "id": 100,
        "store_id": 11
      },
      "written_bytes": 119,
      "written_keys": 2,
      "approximate_size": 1
    },
    {
      "id": 186,
      "start_key": "7480000000000000FF2900000000000000F8",
      "end_key": "7480000000000000FF2D00000000000000F8",
      "epoch": {
        "conf_ver": 14,
        "version": 23
      },
      "peers": [
        {
          "id": 187,
          "store_id": 1
        },
        {
          "id": 188,
          "store_id": 5
        },
        {
          "id": 189,
          "store_id": 13
        }
      ],
      "leader": {
        "id": 189,
        "store_id": 13
      },
      "approximate_size": 1
    },
    {
      "id": 22,
      "start_key": "7480000000000000FF0700000000000000F8",
      "end_key": "7480000000000000FF0900000000000000F8",
      "epoch": {
        "conf_ver": 17,
        "version": 4
      },
      "peers": [
        {
          "id": 23,
          "store_id": 1
        },
        {
          "id": 109,
          "store_id": 11
        },
        {
          "id": 136,
          "store_id": 5
        }
      ],
      "leader": {
        "id": 109,
        "store_id": 11
      },
      "written_bytes": 35,
      "written_keys": 1,
      "approximate_size": 1
    },
    {
      "id": 34,
      "start_key": "7480000000000000FF0D00000000000000F8",
      "end_key": "7480000000000000FF0F00000000000000F8",
      "epoch": {
        "conf_ver": 20,
        "version": 7
      },
      "peers": [
        {
          "id": 35,
          "store_id": 1
        },
        {
          "id": 105,
          "store_id": 6
        },
        {
          "id": 155,
          "store_id": 7
        }
      ],
      "leader": {
        "id": 105,
        "store_id": 6
      },
      "read_bytes": 135085,
      "read_keys": 2594,
      "approximate_size": 1,
      "approximate_keys": 1074
    },
    {
      "id": 50,
      "start_key": "7480000000000000FF1500000000000000F8",
      "end_key": "7480000000000000FF1700000000000000F8",
      "epoch": {
        "conf_ver": 17,
        "version": 11
      },
      "peers": [
        {
          "id": 51,
          "store_id": 1
        },
        {
          "id": 129,
          "store_id": 5
        },
        {
          "id": 168,
          "store_id": 11
        }
      ],
      "leader": {
        "id": 129,
        "store_id": 5
      },
      "written_bytes": 120,
      "written_keys": 2,
      "approximate_size": 1,
      "approximate_keys": 6
    },
    {
      "id": 42,
      "start_key": "7480000000000000FF1100000000000000F8",
      "end_key": "7480000000000000FF1300000000000000F8",
      "epoch": {
        "conf_ver": 17,
        "version": 9
      },
      "peers": [
        {
          "id": 43,
          "store_id": 1
        },
        {
          "id": 118,
          "store_id": 5
        },
        {
          "id": 163,
          "store_id": 11
        }
      ],
      "leader": {
        "id": 43,
        "store_id": 1
      },
      "written_bytes": 119,
      "written_keys": 2,
      "approximate_size": 1
    },
    {
      "id": 62,
      "start_key": "7480000000000000FF1B00000000000000F8",
      "end_key": "7480000000000000FF1D00000000000000F8",
      "epoch": {
        "conf_ver": 17,
        "version": 14
      },
      "peers": [
        {
          "id": 63,
          "store_id": 1
        },
        {
          "id": 126,
          "store_id": 5
        },
        {
          "id": 161,
          "store_id": 11
        }
      ],
      "leader": {
        "id": 63,
        "store_id": 1
      },
      "approximate_size": 1
    },
    {
      "id": 66,
      "start_key": "7480000000000000FF1D00000000000000F8",
      "end_key": "7480000000000000FF1F00000000000000F8",
      "epoch": {
        "conf_ver": 17,
        "version": 15
      },
      "peers": [
        {
          "id": 67,
          "store_id": 1
        },
        {
          "id": 124,
          "store_id": 5
        },
        {
          "id": 162,
          "store_id": 11
        }
      ],
      "leader": {
        "id": 67,
        "store_id": 1
      },
      "approximate_size": 1
    },
    {
      "id": 78,
      "start_key": "7480000000000000FF2300000000000000F8",
      "end_key": "7480000000000000FF2500000000000000F8",
      "epoch": {
        "conf_ver": 17,
        "version": 18
      },
      "peers": [
        {
          "id": 79,
          "store_id": 1
        },
        {
          "id": 111,
          "store_id": 5
        },
        {
          "id": 169,
          "store_id": 11
        }
      ],
      "leader": {
        "id": 79,
        "store_id": 1
      },
      "written_bytes": 119,
      "written_keys": 2,
      "approximate_size": 1
    },
    {
      "id": 82,
      "start_key": "7480000000000000FF2500000000000000F8",
      "end_key": "7480000000000000FF2700000000000000F8",
      "epoch": {
        "conf_ver": 14,
        "version": 19
      },
      "peers": [
        {
          "id": 83,
          "store_id": 1
        },
        {
          "id": 120,
          "store_id": 5
        },
        {
          "id": 143,
          "store_id": 13
        }
      ],
      "leader": {
        "id": 120,
        "store_id": 5
      },
      "written_bytes": 119,
      "written_keys": 2,
      "approximate_size": 1
    },
    {
      "id": 2,
      "start_key": "7480000000000000FF3400000000000000F8",
      "end_key": "",
      "epoch": {
        "conf_ver": 14,
        "version": 22
      },
      "peers": [
        {
          "id": 3,
          "store_id": 1
        },
        {
          "id": 127,
          "store_id": 5
        },
        {
          "id": 147,
          "store_id": 13
        }
      ],
      "leader": {
        "id": 3,
        "store_id": 1
      },
      "written_bytes": 209,
      "written_keys": 4,
      "approximate_size": 1
    },
    {
      "id": 18,
      "start_key": "7480000000000000FF0500000000000000F8",
      "end_key": "7480000000000000FF0700000000000000F8",
      "epoch": {
        "conf_ver": 17,
        "version": 3
      },
      "peers": [
        {
          "id": 19,
          "store_id": 1
        },
        {
          "id": 93,
          "store_id": 9
        },
        {
          "id": 139,
          "store_id": 5
        }
      ],
      "leader": {
        "id": 93,
        "store_id": 9
      },
      "written_bytes": 119,
      "written_keys": 2,
      "approximate_size": 1,
      "approximate_keys": 2
    },
    {
      "id": 38,
      "start_key": "7480000000000000FF0F00000000000000F8",
      "end_key": "7480000000000000FF1100000000000000F8",
      "epoch": {
        "conf_ver": 14,
        "version": 8
      },
      "peers": [
        {
          "id": 39,
          "store_id": 1
        },
        {
          "id": 121,
          "store_id": 5
        },
        {
          "id": 152,
          "store_id": 13
        }
      ],
      "leader": {
        "id": 39,
        "store_id": 1
      },
      "written_bytes": 1070,
      "read_bytes": 1262,
      "written_keys": 13,
      "read_keys": 11,
      "approximate_size": 1
    },
    {
      "id": 190,
      "start_key": "7480000000000000FF2E00000000000000F8",
      "end_key": "7480000000000000FF3000000000000000F8",
      "epoch": {
        "conf_ver": 14,
        "version": 23
      },
      "peers": [
        {
          "id": 191,
          "store_id": 1
        },
        {
          "id": 192,
          "store_id": 5
        },
        {
          "id": 193,
          "store_id": 13
        }
      ],
      "leader": {
        "id": 191,
        "store_id": 1
      },
      "approximate_size": 1
    },
    {
      "id": 86,
      "start_key": "7480000000000000FF2700000000000000F8",
      "end_key": "7480000000000000FF2900000000000000F8",
      "epoch": {
        "conf_ver": 17,
        "version": 20
      },
      "peers": [
        {
          "id": 87,
          "store_id": 1
        },
        {
          "id": 110,
          "store_id": 13
        },
        {
          "id": 156,
          "store_id": 7
        }
      ],
      "leader": {
        "id": 110,
        "store_id": 13
      },
      "approximate_size": 1
    },
    {
      "id": 170,
      "start_key": "7480000000000000FF3000000000000000F8",
      "end_key": "7480000000000000FF3100000000000000F8",
      "epoch": {
        "conf_ver": 14,
        "version": 23
      },
      "peers": [
        {
          "id": 171,
          "store_id": 1
        },
        {
          "id": 172,
          "store_id": 5
        },
        {
          "id": 173,
          "store_id": 13
        }
      ],
      "leader": {
        "id": 171,
        "store_id": 1
      },
      "written_bytes": 232,
      "written_keys": 4,
      "approximate_size": 1
    },
    {
      "id": 182,
      "start_key": "7480000000000000FF3100000000000000F8",
      "end_key": "7480000000000000FF3300000000000000F8",
      "epoch": {
        "conf_ver": 14,
        "version": 23
      },
      "peers": [
        {
          "id": 183,
          "store_id": 1
        },
        {
          "id": 184,
          "store_id": 5
        },
        {
          "id": 185,
          "store_id": 13
        }
      ],
      "leader": {
        "id": 184,
        "store_id": 5
      },
      "approximate_size": 70,
      "approximate_keys": 454963
    },
    {
      "id": 30,
      "start_key": "7480000000000000FF0B00000000000000F8",
      "end_key": "7480000000000000FF0D00000000000000F8",
      "epoch": {
        "conf_ver": 14,
        "version": 6
      },
      "peers": [
        {
          "id": 31,
          "store_id": 1
        },
        {
          "id": 113,
          "store_id": 5
        },
        {
          "id": 153,
          "store_id": 13
        }
      ],
      "leader": {
        "id": 153,
        "store_id": 13
      },
      "written_bytes": 35,
      "written_keys": 1,
      "approximate_size": 1
    },
    {
      "id": 46,
      "start_key": "7480000000000000FF1300000000000000F8",
      "end_key": "7480000000000000FF1500000000000000F8",
      "epoch": {
        "conf_ver": 20,
        "version": 10
      },
      "peers": [
        {
          "id": 47,
          "store_id": 1
        },
        {
          "id": 158,
          "store_id": 7
        },
        {
          "id": 167,
          "store_id": 11
        }
      ],
      "leader": {
        "id": 158,
        "store_id": 7
      },
      "approximate_size": 1,
      "approximate_keys": 24
    },
    {
      "id": 74,
      "start_key": "7480000000000000FF2100000000000000F8",
      "end_key": "7480000000000000FF2300000000000000F8",
      "epoch": {
        "conf_ver": 20,
        "version": 17
      },
      "peers": [
        {
          "id": 75,
          "store_id": 1
        },
        {
          "id": 160,
          "store_id": 7
        },
        {
          "id": 164,
          "store_id": 13
        }
      ],
      "leader": {
        "id": 160,
        "store_id": 7
      },
      "written_bytes": 120,
      "written_keys": 2,
      "approximate_size": 1
    },
    {
      "id": 174,
      "start_key": "7480000000000000FF2D00000000000000F8",
      "end_key": "7480000000000000FF2E00000000000000F8",
      "epoch": {
        "conf_ver": 14,
        "version": 23
      },
      "peers": [
        {
          "id": 175,
          "store_id": 1
        },
        {
          "id": 176,
          "store_id": 5
        },
        {
          "id": 177,
          "store_id": 13
        }
      ],
      "leader": {
        "id": 175,
        "store_id": 1
      },
      "approximate_size": 1
    },
    {
      "id": 178,
      "start_key": "7480000000000000FF3300000000000000F8",
      "end_key": "7480000000000000FF3400000000000000F8",
      "epoch": {
        "conf_ver": 14,
        "version": 23
      },
      "peers": [
        {
          "id": 179,
          "store_id": 1
        },
        {
          "id": 180,
          "store_id": 5
        },
        {
          "id": 181,
          "store_id": 13
        }
      ],
      "leader": {
        "id": 179,
        "store_id": 1
      },
      "written_bytes": 35,
      "written_keys": 1,
      "approximate_size": 1
    },
    {
      "id": 14,
      "start_key": "",
      "end_key": "7480000000000000FF0500000000000000F8",
      "epoch": {
        "conf_ver": 17,
        "version": 2
      },
      "peers": [
        {
          "id": 15,
          "store_id": 1
        },
        {
          "id": 108,
          "store_id": 9
        },
        {
          "id": 138,
          "store_id": 5
        }
      ],
      "leader": {
        "id": 108,
        "store_id": 9
      },
      "written_bytes": 231790,
      "read_bytes": 76889,
      "written_keys": 1124,
      "read_keys": 891,
      "approximate_size": 1,
      "approximate_keys": 368
    },
    {
      "id": 26,
      "start_key": "7480000000000000FF0900000000000000F8",
      "end_key": "7480000000000000FF0B00000000000000F8",
      "epoch": {
        "conf_ver": 14,
        "version": 5
      },
      "peers": [
        {
          "id": 27,
          "store_id": 1
        },
        {
          "id": 116,
          "store_id": 5
        },
        {
          "id": 149,
          "store_id": 13
        }
      ],
      "leader": {
        "id": 27,
        "store_id": 1
      },
      "written_bytes": 119,
      "written_keys": 2,
      "approximate_size": 1
    },
    {
      "id": 58,
      "start_key": "7480000000000000FF1900000000000000F8",
      "end_key": "7480000000000000FF1B00000000000000F8",
      "epoch": {
        "conf_ver": 20,
        "version": 13
      },
      "peers": [
        {
          "id": 59,
          "store_id": 1
        },
        {
          "id": 159,
          "store_id": 7
        },
        {
          "id": 166,
          "store_id": 11
        }
      ],
      "leader": {
        "id": 159,
        "store_id": 7
      },
      "approximate_size": 1
    }
  ]
}
